date,campaign_id,campaign_name,impressions,clicks,spend,conversions,extracted_at
2026-05-01,F-1001,AUR_US_Meta_Prospecting_2026Q2,37010,454,320.95,11,2026-08-01 03:12:44
2026-05-02,F-1001,AUR_US_Meta_Prospecting_2026Q2,22093,239,198.57,2,2026-08-01 03:12:44
2026-05-03,F-1001,AUR_US_Meta_Prospecting_2026Q2,24349,260,223.85,9,2026-08-01 03:12:44
2026-05-04,F-1001,AUR_US_Meta_Prospecting_2026Q2,30317,314,278.1,9,2026-08-01 03:12:44
2026-05-05,F-1001,AUR_US_Meta_Prospecting_2026Q2,32618,327,305.25,11,2026-08-01 03:12:44
2026-05-06,F-1001,AUR_US_Meta_Prospecting_2026Q2,34136,336,341.7,7,2026-08-01 03:12:44
2026-05-07,F-1001,AUR_US_Meta_Prospecting_2026Q2,38439,470,366.39,9,2026-08-01 03:12:44
2026-05-08,F-1001,AUR_US_Meta_Prospecting_2026Q2,30713,329,316.01,12,2026-08-01 03:12:44
2026-05-09,F-1001,AUR_US_Meta_Prospecting_2026Q2,27345,315,266.45,10,2026-08-01 03:12:44
2026-05-10,F-1001,AUR_US_Meta_Prospecting_2026Q2,22746,258,223.61,7,2026-08-01 03:12:44
2026-05-11,F-1001,AUR_US_Meta_Prospecting_2026Q2,30689,387,270.5,8,2026-08-01 03:12:44
2026-05-12,F-1001,AUR_US_Meta_Prospecting_2026Q2,30527,365,298.73,12,2026-08-01 03:12:44
2026-05-13,F-1001,AUR_US_Meta_Prospecting_2026Q2,31940,381,308.12,10,2026-08-01 03:12:44
2026-05-14,F-1001,AUR_US_Meta_Prospecting_2026Q2,33198,366,349.05,7,2026-08-01 03:12:44
2026-05-15,F-1001,AUR_US_Meta_Prospecting_2026Q2,32876,375,298.12,9,2026-08-01 03:12:44
2026-05-16,F-1001,AUR_US_Meta_Prospecting_2026Q2,22321,253,224.34,7,2026-08-01 03:12:44
2026-05-17,F-1001,AUR_US_Meta_Prospecting_2026Q2,26932,280,261.94,7,2026-08-01 03:12:44
2026-05-18,F-1001,AUR_US_Meta_Prospecting_2026Q2,39299,399,339.54,18,2026-08-01 03:12:44
2026-05-19,F-1001,AUR_US_Meta_Prospecting_2026Q2,34677,402,338.87,11,2026-08-01 03:12:44
2026-05-20,F-1001,AUR_US_Meta_Prospecting_2026Q2,34362,415,303.28,12,2026-08-01 03:12:44
2026-05-21,F-1001,AUR_US_Meta_Prospecting_2026Q2,42022,508,373.78,24,2026-08-01 03:12:44
2026-05-22,F-1001,AUR_US_Meta_Prospecting_2026Q2,32747,368,340.62,12,2026-08-01 03:12:44
2026-05-23,F-1001,AUR_US_Meta_Prospecting_2026Q2,27851,264,270.73,6,2026-08-01 03:12:44
2026-05-24,F-1001,AUR_US_Meta_Prospecting_2026Q2,25274,260,228.59,6,2026-08-01 03:12:44
2026-05-25,F-1001,AUR_US_Meta_Prospecting_2026Q2,30705,320,280.4,11,2026-08-01 03:12:44
2026-05-26,F-1001,AUR_US_Meta_Prospecting_2026Q2,33034,377,321.74,12,2026-08-01 03:12:44
2026-05-27,F-1001,AUR_US_Meta_Prospecting_2026Q2,40056,488,380.43,10,2026-08-01 03:12:44
2026-05-28,F-1001,AUR_US_Meta_Prospecting_2026Q2,32821,376,340.99,4,2026-08-01 03:12:44
2026-05-29,F-1001,AUR_US_Meta_Prospecting_2026Q2,33348,346,299.67,7,2026-08-01 03:12:44
2026-05-30,F-1001,AUR_US_Meta_Prospecting_2026Q2,21332,269,207.78,7,2026-08-01 03:12:44
2026-05-31,F-1001,AUR_US_Meta_Prospecting_2026Q2,22436,264,198.25,12,2026-08-01 03:12:44
2026-06-01,F-1001,AUR_US_Meta_Prospecting_2026Q2,40868,441,387.5,11,2026-08-01 03:12:44
2026-06-02,F-1001,AUR_US_Meta_Prospecting_2026Q2,32647,322,319.17,10,2026-08-01 03:12:44
2026-06-03,F-1001,AUR_US_Meta_Prospecting_2026Q2,34581,408,363.24,10,2026-08-01 03:12:44
2026-06-04,F-1001,AUR_US_Meta_Prospecting_2026Q2,28840,329,296.56,8,2026-08-01 03:12:44
2026-06-05,F-1001,AUR_US_Meta_Prospecting_2026Q2,37505,424,370.62,18,2026-08-01 03:12:44
2026-06-06,F-1001,AUR_US_Meta_Prospecting_2026Q2,23959,300,225.7,1,2026-08-01 03:12:44
2026-06-07,F-1001,AUR_US_Meta_Prospecting_2026Q2,19926,232,201.96,5,2026-08-01 03:12:44
2026-06-08,F-1001,AUR_US_Meta_Prospecting_2026Q2,35388,388,373.26,8,2026-08-01 03:12:44
2026-06-09,F-1001,AUR_US_Meta_Prospecting_2026Q2,35664,374,363.0,13,2026-08-01 03:12:44
2026-06-10,F-1001,AUR_US_Meta_Prospecting_2026Q2,45772,551,413.52,20,2026-08-01 03:12:44
2026-06-11,F-1001,AUR_US_Meta_Prospecting_2026Q2,30898,361,307.42,8,2026-08-01 03:12:44
2026-06-12,F-1001,AUR_US_Meta_Prospecting_2026Q2,34242,357,301.9,14,2026-08-01 03:12:44
2026-06-13,F-1001,AUR_US_Meta_Prospecting_2026Q2,22012,215,202.64,10,2026-08-01 03:12:44
2026-06-14,F-1001,AUR_US_Meta_Prospecting_2026Q2,21159,218,221.9,5,2026-08-01 03:12:44
2026-06-14,F-1001,AUR_US_Meta_Prospecting_2026Q2,21159,218,221.9,5,2026-08-01 03:12:44
2026-06-15,F-1001,AUR_US_Meta_Prospecting_2026Q2,39244,435,359.1,15,2026-08-01 03:12:44
2026-06-16,F-1001,AUR_US_Meta_Prospecting_2026Q2,40355,490,392.14,17,2026-08-01 03:12:44
2026-06-17,F-1001,AUR_US_Meta_Prospecting_2026Q2,35024,384,349.17,8,2026-08-01 03:12:44
2026-06-18,F-1001,AUR_US_Meta_Prospecting_2026Q2,32956,364,323.5,16,2026-08-01 03:12:44
2026-06-19,F-1001,AUR_US_Meta_Prospecting_2026Q2,31136,378,272.81,18,2026-08-01 03:12:44
2026-06-20,F-1001,AUR_US_Meta_Prospecting_2026Q2,26655,298,254.63,7,2026-08-01 03:12:44
2026-06-21,F-1001,AUR_US_Meta_Prospecting_2026Q2,20631,197,212.91,4,2026-08-01 03:12:44
2026-06-22,F-1001,AUR_US_Meta_Prospecting_2026Q2,35059,337,319.02,11,2026-08-01 03:12:44
2026-06-23,F-1001,AUR_US_Meta_Prospecting_2026Q2,32686,407,301.35,14,2026-08-01 03:12:44
2026-06-24,F-1001,AUR_US_Meta_Prospecting_2026Q2,40944,505,420.54,19,2026-08-01 03:12:44
2026-06-25,F-1001,AUR_US_Meta_Prospecting_2026Q2,31024,390,295.2,16,2026-08-01 03:12:44
2026-06-26,F-1001,AUR_US_Meta_Prospecting_2026Q2,31230,333,277.58,14,2026-08-01 03:12:44
2026-06-27,F-1001,AUR_US_Meta_Prospecting_2026Q2,24731,266,248.81,13,2026-08-01 03:12:44
2026-06-28,F-1001,AUR_US_Meta_Prospecting_2026Q2,27128,323,264.39,12,2026-08-01 03:12:44
2026-06-29,F-1001,AUR_US_Meta_Prospecting_2026Q2,45551,443,405.76,11,2026-08-01 03:12:44
2026-06-30,F-1001,AUR_US_Meta_Prospecting_2026Q2,41462,435,414.55,19,2026-08-01 03:12:44
2026-07-01,F-1001,AUR_US_Meta_Prospecting_2026Q2,43858,473,445.58,20,2026-08-01 03:12:44
2026-07-02,F-1001,AUR_US_Meta_Prospecting_2026Q2,38448,361,347.54,14,2026-08-01 03:12:44
2026-07-03,F-1001,AUR_US_Meta_Prospecting_2026Q2,39021,467,390.38,12,2026-08-01 03:12:44
2026-07-04,F-1001,AUR_US_Meta_Prospecting_2026Q2,20520,212,209.09,7,2026-08-01 03:12:44
2026-07-05,F-1001,AUR_US_Meta_Prospecting_2026Q2,25801,244,253.69,6,2026-08-01 03:12:44
2026-07-06,F-1001,AUR_US_Meta_Prospecting_2026Q2,43979,451,400.26,17,2026-08-01 03:12:44
2026-07-07,F-1001,AUR_US_Meta_Prospecting_2026Q2,37336,419,358.03,12,2026-08-01 03:12:44
2026-07-08,F-1001,AUR_US_Meta_Prospecting_2026Q2,46885,563,419.25,0,2026-08-01 03:12:44
2026-07-09,F-1001,AUR_US_Meta_Prospecting_2026Q2,44694,447,404.13,0,2026-08-01 03:12:44
2026-07-10,F-1001,AUR_US_Meta_Prospecting_2026Q2,36487,406,352.82,0,2026-08-01 03:12:44
2026-07-11,F-1001,AUR_US_Meta_Prospecting_2026Q2,34771,335,301.42,0,2026-08-01 03:12:44
2026-07-12,F-1001,AUR_US_Meta_Prospecting_2026Q2,30357,353,272.45,14,2026-08-01 03:12:44
2026-07-13,F-1001,AUR_US_Meta_Prospecting_2026Q2,36482,378,315.99,11,2026-08-01 03:12:44
2026-07-14,F-1001,AUR_US_Meta_Prospecting_2026Q2,36710,373,384.69,9,2026-08-01 03:12:44
2026-07-15,F-1001,AUR_US_Meta_Prospecting_2026Q2,46621,512,409.25,14,2026-08-01 03:12:44
2026-07-16,F-1001,AUR_US_Meta_Prospecting_2026Q2,38866,472,409.06,16,2026-08-01 03:12:44
2026-07-17,F-1001,AUR_US_Meta_Prospecting_2026Q2,42974,485,390.49,23,2026-08-01 03:12:44
2026-07-18,F-1001,AUR_US_Meta_Prospecting_2026Q2,22087,255,232.85,12,2026-08-01 03:12:44
2026-07-19,F-1001,AUR_US_Meta_Prospecting_2026Q2,23528,241,227.04,2,2026-08-01 03:12:44
2026-07-20,F-1001,AUR_US_Meta_Prospecting_2026Q2,38922,447,395.04,22,2026-08-01 03:12:44
2026-07-21,F-1001,AUR_US_Meta_Prospecting_2026Q2,37530,435,333.84,12,2026-08-01 03:12:44
2026-07-22,F-1001,AUR_US_Meta_Prospecting_2026Q2,38944,440,366.6,14,2026-08-01 03:12:44
2026-07-23,F-1001,AUR_US_Meta_Prospecting_2026Q2,36931,399,327.23,15,2026-08-01 03:12:44
2026-07-24,F-1001,AUR_US_Meta_Prospecting_2026Q2,34999,389,357.3,13,2026-08-01 03:12:44
2026-07-25,F-1001,AUR_US_Meta_Prospecting_2026Q2,29370,316,301.82,6,2026-08-01 03:12:44
2026-07-26,F-1001,AUR_US_Meta_Prospecting_2026Q2,29335,300,267.11,9,2026-08-01 03:12:44
2026-07-27,F-1001,AUR_US_Meta_Prospecting_2026Q2,35656,399,365.92,18,2026-08-01 03:12:44
2026-07-28,F-1001,AUR_US_Meta_Prospecting_2026Q2,43016,433,377.15,14,2026-08-01 03:12:44
2026-07-29,F-1001,AUR_US_Meta_Prospecting_2026Q2,36352,349,301.52,10,2026-08-01 03:12:44
2026-07-29,F-1001,AUR_US_Meta_Prospecting_2026Q2,36352,349,344.37,13,2026-08-04 03:09:10
2026-07-30,F-1001,AUR_US_Meta_Prospecting_2026Q2,36175,425,293.01,7,2026-08-01 03:12:44
2026-07-30,F-1001,AUR_US_Meta_Prospecting_2026Q2,36175,425,327.85,10,2026-08-04 03:09:10
2026-07-31,F-1001,AUR_US_Meta_Prospecting_2026Q2,38911,458,344.99,12,2026-08-01 03:12:44
2026-07-31,F-1001,AUR_US_Meta_Prospecting_2026Q2,38911,458,384.9,16,2026-08-04 03:09:10
2026-05-01,F-1002,AUR_EU_Meta_Retargeting_2026Q2,17301,256,164.5,18,2026-08-01 03:12:44
2026-05-02,F-1002,AUR_EU_Meta_Retargeting_2026Q2,10926,196,114.91,11,2026-08-01 03:12:44
2026-05-03,F-1002,AUR_EU_Meta_Retargeting_2026Q2,14777,221,134.54,14,2026-08-01 03:12:44
2026-05-04,F-1002,AUR_EU_Meta_Retargeting_2026Q2,19925,297,200.01,15,2026-08-01 03:12:44
2026-05-05,F-1002,AUR_EU_Meta_Retargeting_2026Q2,17581,253,164.87,7,2026-08-01 03:12:44
2026-05-06,F-1002,AUR_EU_Meta_Retargeting_2026Q2,22732,316,220.75,21,2026-08-01 03:12:44
2026-05-07,F-1002,AUR_EU_Meta_Retargeting_2026Q2,16111,267,155.93,14,2026-08-01 03:12:44
2026-05-08,F-1002,AUR_EU_Meta_Retargeting_2026Q2,21893,325,197.85,16,2026-08-01 03:12:44
2026-05-09,F-1002,AUR_EU_Meta_Retargeting_2026Q2,13461,209,117.28,10,2026-08-01 03:12:44
2026-05-10,F-1002,AUR_EU_Meta_Retargeting_2026Q2,11445,158,109.1,7,2026-08-01 03:12:44
2026-05-11,F-1002,AUR_EU_Meta_Retargeting_2026Q2,19860,300,198.48,12,2026-08-01 03:12:44
2026-05-12,F-1002,AUR_EU_Meta_Retargeting_2026Q2,18013,291,183.67,9,2026-08-01 03:12:44
2026-05-13,F-1002,AUR_EU_Meta_Retargeting_2026Q2,23413,322,209.37,24,2026-08-01 03:12:44
2026-05-14,F-1002,AUR_EU_Meta_Retargeting_2026Q2,16169,279,166.2,9,2026-08-01 03:12:44
2026-05-15,F-1002,AUR_EU_Meta_Retargeting_2026Q2,19991,310,191.16,16,2026-08-01 03:12:44
2026-05-16,F-1002,AUR_EU_Meta_Retargeting_2026Q2,13134,225,118.22,9,2026-08-01 03:12:44
2026-05-17,F-1002,AUR_EU_Meta_Retargeting_2026Q2,13355,204,133.62,12,2026-08-01 03:12:44
2026-05-18,F-1002,AUR_EU_Meta_Retargeting_2026Q2,17069,305,164.7,14,2026-08-01 03:12:44
2026-05-19,F-1002,AUR_EU_Meta_Retargeting_2026Q2,18179,294,163.34,16,2026-08-01 03:12:44
2026-05-20,F-1002,AUR_EU_Meta_Retargeting_2026Q2,22370,370,202.67,18,2026-08-01 03:12:44
2026-05-21,F-1002,AUR_EU_Meta_Retargeting_2026Q2,18798,307,183.13,11,2026-08-01 03:12:44
2026-05-22,F-1002,AUR_EU_Meta_Retargeting_2026Q2,18293,334,176.91,11,2026-08-01 03:12:44
2026-05-23,F-1002,AUR_EU_Meta_Retargeting_2026Q2,11907,167,116.66,5,2026-08-01 03:12:44
2026-05-24,F-1002,AUR_EU_Meta_Retargeting_2026Q2,13317,193,115.8,6,2026-08-01 03:12:44
2026-05-25,F-1002,AUR_EU_Meta_Retargeting_2026Q2,21163,309,200.31,13,2026-08-01 03:12:44
2026-05-26,F-1002,AUR_EU_Meta_Retargeting_2026Q2,18971,331,190.19,11,2026-08-01 03:12:44
2026-05-27,F-1002,AUR_EU_Meta_Retargeting_2026Q2,22364,381,195.75,24,2026-08-01 03:12:44
2026-05-28,F-1002,AUR_EU_Meta_Retargeting_2026Q2,22363,404,197.67,20,2026-08-01 03:12:44
2026-05-29,F-1002,AUR_EU_Meta_Retargeting_2026Q2,15104,211,149.82,10,2026-08-01 03:12:44
2026-05-30,F-1002,AUR_EU_Meta_Retargeting_2026Q2,13783,210,144.43,6,2026-08-01 03:12:44
2026-05-31,F-1002,AUR_EU_Meta_Retargeting_2026Q2,13307,241,123.44,12,2026-08-01 03:12:44
2026-06-01,F-1002,AUR_EU_Meta_Retargeting_2026Q2,15366,215,144.11,9,2026-08-01 03:12:44
2026-06-02,F-1002,AUR_EU_Meta_Retargeting_2026Q2,16085,262,159.65,9,2026-08-01 03:12:44
2026-06-03,F-1002,AUR_EU_Meta_Retargeting_2026Q2,19207,319,193.65,12,2026-08-01 03:12:44
2026-06-04,F-1002,AUR_EU_Meta_Retargeting_2026Q2,17144,278,171.97,10,2026-08-01 03:12:44
2026-06-05,F-1002,AUR_EU_Meta_Retargeting_2026Q2,18226,288,168.52,18,2026-08-01 03:12:44
2026-06-06,F-1002,AUR_EU_Meta_Retargeting_2026Q2,14599,238,131.45,6,2026-08-01 03:12:44
2026-06-07,F-1002,AUR_EU_Meta_Retargeting_2026Q2,10827,192,112.63,10,2026-08-01 03:12:44
2026-06-08,F-1002,AUR_EU_Meta_Retargeting_2026Q2,18482,324,175.71,12,2026-08-01 03:12:44
2026-06-09,F-1002,AUR_EU_Meta_Retargeting_2026Q2,17336,242,170.47,12,2026-08-01 03:12:44
2026-06-10,F-1002,AUR_EU_Meta_Retargeting_2026Q2,18883,262,170.5,13,2026-08-01 03:12:44
2026-06-11,F-1002,AUR_EU_Meta_Retargeting_2026Q2,21004,375,194.27,10,2026-08-01 03:12:44
2026-06-12,F-1002,AUR_EU_Meta_Retargeting_2026Q2,20832,316,180.48,17,2026-08-01 03:12:44
2026-06-13,F-1002,AUR_EU_Meta_Retargeting_2026Q2,10508,151,105.72,13,2026-08-01 03:12:44
2026-06-14,F-1002,AUR_EU_Meta_Retargeting_2026Q2,13306,198,117.03,6,2026-08-01 03:12:44
2026-06-14,F-1002,AUR_EU_Meta_Retargeting_2026Q2,13306,198,117.03,6,2026-08-01 03:12:44
2026-06-15,F-1002,AUR_EU_Meta_Retargeting_2026Q2,15048,226,148.57,11,2026-08-01 03:12:44
2026-06-16,F-1002,AUR_EU_Meta_Retargeting_2026Q2,18172,251,178.16,9,2026-08-01 03:12:44
2026-06-17,F-1002,AUR_EU_Meta_Retargeting_2026Q2,19506,300,204.6,10,2026-08-01 03:12:44
2026-06-18,F-1002,AUR_EU_Meta_Retargeting_2026Q2,15636,218,153.5,9,2026-08-01 03:12:44
2026-06-19,F-1002,AUR_EU_Meta_Retargeting_2026Q2,17174,247,162.1,4,2026-08-01 03:12:44
2026-06-20,F-1002,AUR_EU_Meta_Retargeting_2026Q2,13781,221,139.59,18,2026-08-01 03:12:44
2026-06-21,F-1002,AUR_EU_Meta_Retargeting_2026Q2,11283,174,99.43,10,2026-08-01 03:12:44
2026-06-22,F-1002,AUR_EU_Meta_Retargeting_2026Q2,14853,265,147.52,9,2026-08-01 03:12:44
2026-06-23,F-1002,AUR_EU_Meta_Retargeting_2026Q2,21528,312,200.88,8,2026-08-01 03:12:44
2026-06-24,F-1002,AUR_EU_Meta_Retargeting_2026Q2,20320,359,209.05,14,2026-08-01 03:12:44
2026-06-25,F-1002,AUR_EU_Meta_Retargeting_2026Q2,18900,269,181.34,8,2026-08-01 03:12:44
2026-06-26,F-1002,AUR_EU_Meta_Retargeting_2026Q2,19231,292,181.74,12,2026-08-01 03:12:44
2026-06-27,F-1002,AUR_EU_Meta_Retargeting_2026Q2,11582,168,104.28,13,2026-08-01 03:12:44
2026-06-28,F-1002,AUR_EU_Meta_Retargeting_2026Q2,11718,178,113.48,12,2026-08-01 03:12:44
2026-06-29,F-1002,AUR_EU_Meta_Retargeting_2026Q2,16945,305,154.41,14,2026-08-01 03:12:44
2026-06-30,F-1002,AUR_EU_Meta_Retargeting_2026Q2,17347,272,151.1,9,2026-08-01 03:12:44
2026-07-01,F-1002,AUR_EU_Meta_Retargeting_2026Q2,19022,297,197.28,19,2026-08-01 03:12:44
2026-07-02,F-1002,AUR_EU_Meta_Retargeting_2026Q2,20932,334,186.6,13,2026-08-01 03:12:44
2026-07-03,F-1002,AUR_EU_Meta_Retargeting_2026Q2,17056,309,165.61,13,2026-08-01 03:12:44
2026-07-04,F-1002,AUR_EU_Meta_Retargeting_2026Q2,11392,165,105.12,7,2026-08-01 03:12:44
2026-07-05,F-1002,AUR_EU_Meta_Retargeting_2026Q2,10429,177,101.03,5,2026-08-01 03:12:44
2026-07-06,F-1002,AUR_EU_Meta_Retargeting_2026Q2,14691,264,154.56,13,2026-08-01 03:12:44
2026-07-07,F-1002,AUR_EU_Meta_Retargeting_2026Q2,17717,275,157.05,7,2026-08-01 03:12:44
2026-07-08,F-1002,AUR_EU_Meta_Retargeting_2026Q2,20956,335,205.3,0,2026-08-01 03:12:44
2026-07-09,F-1002,AUR_EU_Meta_Retargeting_2026Q2,17960,266,180.34,0,2026-08-01 03:12:44
2026-07-10,F-1002,AUR_EU_Meta_Retargeting_2026Q2,15982,254,159.19,0,2026-08-01 03:12:44
2026-07-11,F-1002,AUR_EU_Meta_Retargeting_2026Q2,15557,233,136.36,0,2026-08-01 03:12:44
2026-07-12,F-1002,AUR_EU_Meta_Retargeting_2026Q2,13022,203,112.62,9,2026-08-01 03:12:44
2026-07-13,F-1002,AUR_EU_Meta_Retargeting_2026Q2,18225,281,182.39,14,2026-08-01 03:12:44
2026-07-14,F-1002,AUR_EU_Meta_Retargeting_2026Q2,17716,308,163.32,14,2026-08-01 03:12:44
2026-07-15,F-1002,AUR_EU_Meta_Retargeting_2026Q2,19444,351,196.23,14,2026-08-01 03:12:44
2026-07-16,F-1002,AUR_EU_Meta_Retargeting_2026Q2,16152,220,153.56,9,2026-08-01 03:12:44
2026-07-17,F-1002,AUR_EU_Meta_Retargeting_2026Q2,13981,246,133.28,11,2026-08-01 03:12:44
2026-07-18,F-1002,AUR_EU_Meta_Retargeting_2026Q2,10357,186,100.91,11,2026-08-01 03:12:44
2026-07-19,F-1002,AUR_EU_Meta_Retargeting_2026Q2,10771,188,106.64,7,2026-08-01 03:12:44
2026-07-20,F-1002,AUR_EU_Meta_Retargeting_2026Q2,17910,315,166.93,14,2026-08-01 03:12:44
2026-07-21,F-1002,AUR_EU_Meta_Retargeting_2026Q2,20646,368,184.42,11,2026-08-01 03:12:44
2026-07-22,F-1002,AUR_EU_Meta_Retargeting_2026Q2,20208,354,189.43,14,2026-08-01 03:12:44
2026-07-23,F-1002,AUR_EU_Meta_Retargeting_2026Q2,15533,273,159.05,11,2026-08-01 03:12:44
2026-07-24,F-1002,AUR_EU_Meta_Retargeting_2026Q2,16215,246,143.23,12,2026-08-01 03:12:44
2026-07-25,F-1002,AUR_EU_Meta_Retargeting_2026Q2,12775,186,113.33,9,2026-08-01 03:12:44
2026-07-26,F-1002,AUR_EU_Meta_Retargeting_2026Q2,12465,216,126.63,6,2026-08-01 03:12:44
2026-07-27,F-1002,AUR_EU_Meta_Retargeting_2026Q2,15546,255,150.72,3,2026-08-01 03:12:44
2026-07-28,F-1002,AUR_EU_Meta_Retargeting_2026Q2,13043,208,136.24,18,2026-08-01 03:12:44
2026-07-29,F-1002,AUR_EU_Meta_Retargeting_2026Q2,21606,317,179.77,10,2026-08-01 03:12:44
2026-07-29,F-1002,AUR_EU_Meta_Retargeting_2026Q2,21606,317,193.31,14,2026-08-04 03:09:10
2026-07-30,F-1002,AUR_EU_Meta_Retargeting_2026Q2,19593,267,155.52,5,2026-08-01 03:12:44
2026-07-30,F-1002,AUR_EU_Meta_Retargeting_2026Q2,19593,267,177.03,7,2026-08-04 03:09:10
2026-07-31,F-1002,AUR_EU_Meta_Retargeting_2026Q2,14406,206,119.19,3,2026-08-01 03:12:44
2026-07-31,F-1002,AUR_EU_Meta_Retargeting_2026Q2,14406,206,131.68,4,2026-08-04 03:09:10
2026-05-01,F-1003,aurelia|prospecting|meta|may26,11782,112,123.68,6,2026-08-01 03:12:44
2026-05-02,F-1003,aurelia|prospecting|meta|may26,11231,95,116.72,2,2026-08-01 03:12:44
2026-05-03,F-1003,aurelia|prospecting|meta|may26,10613,119,100.65,1,2026-08-01 03:12:44
2026-05-04,F-1003,aurelia|prospecting|meta|may26,14067,128,124.77,3,2026-08-01 03:12:44
2026-05-05,F-1003,aurelia|prospecting|meta|may26,17256,164,160.2,4,2026-08-01 03:12:44
2026-05-06,F-1003,aurelia|prospecting|meta|may26,19865,170,171.76,1,2026-08-01 03:12:44
2026-05-07,F-1003,aurelia|prospecting|meta|may26,16509,152,148.69,3,2026-08-01 03:12:44
2026-05-08,F-1003,aurelia|prospecting|meta|may26,15161,170,139.52,3,2026-08-01 03:12:44
2026-05-09,F-1003,aurelia|prospecting|meta|may26,11749,128,109.54,2,2026-08-01 03:12:44
2026-05-10,F-1003,aurelia|prospecting|meta|may26,10209,109,98.72,4,2026-08-01 03:12:44
2026-05-11,F-1003,aurelia|prospecting|meta|may26,13195,149,125.92,3,2026-08-01 03:12:44
2026-05-12,F-1003,aurelia|prospecting|meta|may26,15984,175,155.63,8,2026-08-01 03:12:44
2026-05-13,F-1003,aurelia|prospecting|meta|may26,16286,153,156.9,2,2026-08-01 03:12:44
2026-05-14,F-1003,aurelia|prospecting|meta|may26,12636,143,125.28,3,2026-08-01 03:12:44
2026-05-15,F-1003,aurelia|prospecting|meta|may26,11168,99,107.77,3,2026-08-01 03:12:44
2026-05-16,F-1003,aurelia|prospecting|meta|may26,8671,94,86.9,1,2026-08-01 03:12:44
2026-05-17,F-1003,aurelia|prospecting|meta|may26,9313,103,82.5,5,2026-08-01 03:12:44
2026-05-18,F-1003,aurelia|prospecting|meta|may26,13604,141,135.66,4,2026-08-01 03:12:44
2026-05-19,F-1003,aurelia|prospecting|meta|may26,13113,127,121.65,4,2026-08-01 03:12:44
2026-05-20,F-1003,aurelia|prospecting|meta|may26,16483,160,167.15,5,2026-08-01 03:12:44
2026-05-21,F-1003,aurelia|prospecting|meta|may26,15368,135,148.25,5,2026-08-01 03:12:44
2026-05-22,F-1003,aurelia|prospecting|meta|may26,15047,163,141.4,4,2026-08-01 03:12:44
2026-05-23,F-1003,aurelia|prospecting|meta|may26,11135,127,108.25,4,2026-08-01 03:12:44
2026-05-24,F-1003,aurelia|prospecting|meta|may26,8563,92,80.74,1,2026-08-01 03:12:44
2026-05-25,F-1003,aurelia|prospecting|meta|may26,12595,111,121.21,4,2026-08-01 03:12:44
2026-05-26,F-1003,aurelia|prospecting|meta|may26,14102,142,129.54,6,2026-08-01 03:12:44
2026-05-27,F-1003,aurelia|prospecting|meta|may26,18779,164,164.09,3,2026-08-01 03:12:44
2026-05-28,F-1003,aurelia|prospecting|meta|may26,12854,120,120.26,4,2026-08-01 03:12:44
2026-05-29,F-1003,aurelia|prospecting|meta|may26,14806,137,143.25,2,2026-08-01 03:12:44
2026-05-30,F-1003,aurelia|prospecting|meta|may26,9858,107,93.89,2,2026-08-01 03:12:44
2026-05-31,F-1003,aurelia|prospecting|meta|may26,9387,94,92.17,1,2026-08-01 03:12:44
2026-06-01,F-1003,aurelia|prospecting|meta|may26,15518,139,141.36,7,2026-08-01 03:12:44
2026-06-02,F-1003,aurelia|prospecting|meta|may26,16073,176,145.34,5,2026-08-01 03:12:44
2026-06-03,F-1003,aurelia|prospecting|meta|may26,14450,146,148.71,2,2026-08-01 03:12:44
2026-06-04,F-1003,aurelia|prospecting|meta|may26,13743,134,142.66,3,2026-08-01 03:12:44
2026-06-05,F-1003,aurelia|prospecting|meta|may26,11900,122,123.39,0,2026-08-01 03:12:44
2026-06-06,F-1003,aurelia|prospecting|meta|may26,10433,94,97.1,1,2026-08-01 03:12:44
2026-06-07,F-1003,aurelia|prospecting|meta|may26,9373,104,92.15,2,2026-08-01 03:12:44
2026-06-08,F-1003,aurelia|prospecting|meta|may26,14982,162,153.59,6,2026-08-01 03:12:44
2026-06-09,F-1003,aurelia|prospecting|meta|may26,17465,180,158.48,6,2026-08-01 03:12:44
2026-06-10,F-1003,aurelia|prospecting|meta|may26,14603,141,137.93,3,2026-08-01 03:12:44
2026-06-11,F-1003,aurelia|prospecting|meta|may26,15823,162,146.73,3,2026-08-01 03:12:44
2026-06-12,F-1003,aurelia|prospecting|meta|may26,12084,112,107.24,5,2026-08-01 03:12:44
2026-06-13,F-1003,aurelia|prospecting|meta|may26,9290,101,85.93,4,2026-08-01 03:12:44
2026-06-14,F-1003,aurelia|prospecting|meta|may26,7866,74,76.15,2,2026-08-01 03:12:44
2026-06-14,F-1003,aurelia|prospecting|meta|may26,7866,74,76.15,2,2026-08-01 03:12:44
2026-06-15,F-1003,aurelia|prospecting|meta|may26,12671,132,127.08,1,2026-08-01 03:12:44
2026-06-16,F-1003,aurelia|prospecting|meta|may26,14337,130,133.83,1,2026-08-01 03:12:44
2026-06-17,F-1003,aurelia|prospecting|meta|may26,18401,196,161.61,7,2026-08-01 03:12:44
2026-06-18,F-1003,aurelia|prospecting|meta|may26,12888,135,119.09,3,2026-08-01 03:12:44
2026-06-19,F-1003,aurelia|prospecting|meta|may26,11656,103,111.77,2,2026-08-01 03:12:44
2026-06-20,F-1003,aurelia|prospecting|meta|may26,10228,92,94.38,3,2026-08-01 03:12:44
2026-06-21,F-1003,aurelia|prospecting|meta|may26,10807,119,93.65,3,2026-08-01 03:12:44
2026-06-22,F-1003,aurelia|prospecting|meta|may26,15718,137,144.07,5,2026-08-01 03:12:44
2026-06-23,F-1003,aurelia|prospecting|meta|may26,16609,141,156.21,3,2026-08-01 03:12:44
2026-06-24,F-1003,aurelia|prospecting|meta|may26,14079,137,147.85,3,2026-08-01 03:12:44
2026-06-25,F-1003,aurelia|prospecting|meta|may26,17249,156,158.76,6,2026-08-01 03:12:44
2026-06-26,F-1003,aurelia|prospecting|meta|may26,13451,139,133.04,4,2026-08-01 03:12:44
2026-06-27,F-1003,aurelia|prospecting|meta|may26,9397,104,84.73,2,2026-08-01 03:12:44
2026-06-28,F-1003,aurelia|prospecting|meta|may26,10343,116,97.83,3,2026-08-01 03:12:44
2026-06-29,F-1003,aurelia|prospecting|meta|may26,12359,128,124.91,3,2026-08-01 03:12:44
2026-06-30,F-1003,aurelia|prospecting|meta|may26,14115,151,126.86,2,2026-08-01 03:12:44
2026-07-01,F-1003,aurelia|prospecting|meta|may26,18704,212,164.28,3,2026-08-01 03:12:44
2026-07-02,F-1003,aurelia|prospecting|meta|may26,16192,166,141.45,3,2026-08-01 03:12:44
2026-07-03,F-1003,aurelia|prospecting|meta|may26,11505,99,114.31,5,2026-08-01 03:12:44
2026-07-04,F-1003,aurelia|prospecting|meta|may26,11220,108,97.24,0,2026-08-01 03:12:44
2026-07-05,F-1003,aurelia|prospecting|meta|may26,9493,94,91.53,5,2026-08-01 03:12:44
2026-07-06,F-1003,aurelia|prospecting|meta|may26,16353,164,145.28,3,2026-08-01 03:12:44
2026-07-07,F-1003,aurelia|prospecting|meta|may26,17644,196,159.83,15,2026-08-01 03:12:44
2026-07-08,F-1003,aurelia|prospecting|meta|may26,14824,144,132.87,0,2026-08-01 03:12:44
2026-07-09,F-1003,aurelia|prospecting|meta|may26,13929,130,131.26,0,2026-08-01 03:12:44
2026-07-10,F-1003,aurelia|prospecting|meta|may26,10834,123,104.38,0,2026-08-01 03:12:44
2026-07-11,F-1003,aurelia|prospecting|meta|may26,8471,81,88.7,0,2026-08-01 03:12:44
2026-07-12,F-1003,aurelia|prospecting|meta|may26,8882,86,82.06,3,2026-08-01 03:12:44
2026-07-13,F-1003,aurelia|prospecting|meta|may26,14242,156,143.63,4,2026-08-01 03:12:44
2026-07-14,F-1003,aurelia|prospecting|meta|may26,16702,161,145.27,3,2026-08-01 03:12:44
2026-07-15,F-1003,aurelia|prospecting|meta|may26,16930,186,146.68,4,2026-08-01 03:12:44
2026-07-16,F-1003,aurelia|prospecting|meta|may26,12395,122,115.42,4,2026-08-01 03:12:44
2026-07-17,F-1003,aurelia|prospecting|meta|may26,15474,140,137.71,2,2026-08-01 03:12:44
2026-07-18,F-1003,aurelia|prospecting|meta|may26,7695,85,77.33,1,2026-08-01 03:12:44
2026-07-19,F-1003,aurelia|prospecting|meta|may26,9983,104,95.13,5,2026-08-01 03:12:44
2026-07-20,F-1003,aurelia|prospecting|meta|may26,13826,154,124.87,4,2026-08-01 03:12:44
2026-07-21,F-1003,aurelia|prospecting|meta|may26,14298,137,140.46,0,2026-08-01 03:12:44
2026-07-22,F-1003,aurelia|prospecting|meta|may26,15105,156,158.12,8,2026-08-01 03:12:44
2026-07-23,F-1003,aurelia|prospecting|meta|may26,15601,150,142.11,2,2026-08-01 03:12:44
2026-07-24,F-1003,aurelia|prospecting|meta|may26,10132,87,102.97,4,2026-08-01 03:12:44
2026-07-25,F-1003,aurelia|prospecting|meta|may26,10341,93,96.26,2,2026-08-01 03:12:44
2026-07-26,F-1003,aurelia|prospecting|meta|may26,8504,79,83.76,4,2026-08-01 03:12:44
2026-07-27,F-1003,aurelia|prospecting|meta|may26,15455,156,146.41,3,2026-08-01 03:12:44
2026-07-28,F-1003,aurelia|prospecting|meta|may26,14465,163,138.89,6,2026-08-01 03:12:44
2026-07-29,F-1003,aurelia|prospecting|meta|may26,18449,161,140.36,5,2026-08-01 03:12:44
2026-07-29,F-1003,aurelia|prospecting|meta|may26,18449,161,160.76,7,2026-08-04 03:09:10
2026-07-30,F-1003,aurelia|prospecting|meta|may26,13493,122,120.09,2,2026-08-01 03:12:44
2026-07-30,F-1003,aurelia|prospecting|meta|may26,13493,122,133.89,3,2026-08-04 03:09:10
2026-07-31,F-1003,aurelia|prospecting|meta|may26,14360,152,123.02,6,2026-08-01 03:12:44
2026-07-31,F-1003,aurelia|prospecting|meta|may26,14360,152,139.77,8,2026-08-04 03:09:10
2026-05-01,F-1004,PeakFuel_US_Meta_Conversions,25914,271,258.69,14,2026-08-01 03:12:44
2026-05-02,F-1004,PeakFuel_US_Meta_Conversions,17468,205,165.4,11,2026-08-01 03:12:44
2026-05-03,F-1004,PeakFuel_US_Meta_Conversions,19088,237,170.84,20,2026-08-01 03:12:44
2026-05-04,F-1004,PeakFuel_US_Meta_Conversions,29841,314,263.49,16,2026-08-01 03:12:44
2026-05-05,F-1004,PeakFuel_US_Meta_Conversions,22978,283,229.1,22,2026-08-01 03:12:44
2026-05-06,F-1004,PeakFuel_US_Meta_Conversions,26250,298,266.56,16,2026-08-01 03:12:44
2026-05-07,F-1004,PeakFuel_US_Meta_Conversions,31432,417,296.12,20,2026-08-01 03:12:44
2026-05-08,F-1004,PeakFuel_US_Meta_Conversions,28286,374,246.19,16,2026-08-01 03:12:44
2026-05-09,F-1004,PeakFuel_US_Meta_Conversions,19104,197,197.64,14,2026-08-01 03:12:44
2026-05-10,F-1004,PeakFuel_US_Meta_Conversions,19639,225,179.34,6,2026-08-01 03:12:44
2026-05-11,F-1004,PeakFuel_US_Meta_Conversions,29968,307,307.85,13,2026-08-01 03:12:44
2026-05-12,F-1004,PeakFuel_US_Meta_Conversions,24535,257,256.12,14,2026-08-01 03:12:44
2026-05-13,F-1004,PeakFuel_US_Meta_Conversions,24112,246,241.8,14,2026-08-01 03:12:44
2026-05-14,F-1004,PeakFuel_US_Meta_Conversions,30885,418,277.49,33,2026-08-01 03:12:44
2026-05-15,F-1004,PeakFuel_US_Meta_Conversions,24947,260,232.21,9,2026-08-01 03:12:44
2026-05-16,F-1004,PeakFuel_US_Meta_Conversions,20330,252,185.75,18,2026-08-01 03:12:44
2026-05-17,F-1004,PeakFuel_US_Meta_Conversions,23419,267,207.86,14,2026-08-01 03:12:44
2026-05-18,F-1004,PeakFuel_US_Meta_Conversions,28041,307,288.93,17,2026-08-01 03:12:44
2026-05-19,F-1004,PeakFuel_US_Meta_Conversions,32914,344,315.17,21,2026-08-01 03:12:44
2026-05-20,F-1004,PeakFuel_US_Meta_Conversions,26821,327,259.09,14,2026-08-01 03:12:44
2026-05-21,F-1004,PeakFuel_US_Meta_Conversions,28104,311,266.96,26,2026-08-01 03:12:44
2026-05-22,F-1004,PeakFuel_US_Meta_Conversions,31044,393,295.58,17,2026-08-01 03:12:44
2026-05-23,F-1004,PeakFuel_US_Meta_Conversions,22935,254,202.29,11,2026-08-01 03:12:44
2026-05-24,F-1004,PeakFuel_US_Meta_Conversions,19094,197,169.52,15,2026-08-01 03:12:44
2026-05-25,F-1004,PeakFuel_US_Meta_Conversions,24212,249,251.07,10,2026-08-01 03:12:44
2026-05-26,F-1004,PeakFuel_US_Meta_Conversions,29230,327,290.54,19,2026-08-01 03:12:44
2026-05-27,F-1004,PeakFuel_US_Meta_Conversions,26768,334,280.4,12,2026-08-01 03:12:44
2026-05-28,F-1004,PeakFuel_US_Meta_Conversions,32534,395,300.08,17,2026-08-01 03:12:44
2026-05-29,F-1004,PeakFuel_US_Meta_Conversions,27801,350,292.35,12,2026-08-01 03:12:44
2026-05-30,F-1004,PeakFuel_US_Meta_Conversions,20224,259,184.31,7,2026-08-01 03:12:44
2026-05-31,F-1004,PeakFuel_US_Meta_Conversions,21099,262,189.65,13,2026-08-01 03:12:44
2026-06-01,F-1004,PeakFuel_US_Meta_Conversions,25453,348,223.01,13,2026-08-01 03:12:44
2026-06-02,F-1004,PeakFuel_US_Meta_Conversions,24552,282,237.45,14,2026-08-01 03:12:44
2026-06-03,F-1004,PeakFuel_US_Meta_Conversions,35428,462,337.04,19,2026-08-01 03:12:44
2026-06-04,F-1004,PeakFuel_US_Meta_Conversions,30105,333,313.86,17,2026-08-01 03:12:44
2026-06-05,F-1004,PeakFuel_US_Meta_Conversions,28914,329,288.59,19,2026-08-01 03:12:44
2026-06-06,F-1004,PeakFuel_US_Meta_Conversions,17982,198,168.08,12,2026-08-01 03:12:44
2026-06-07,F-1004,PeakFuel_US_Meta_Conversions,18798,231,196.71,9,2026-08-01 03:12:44
2026-06-08,F-1004,PeakFuel_US_Meta_Conversions,30883,396,294.39,22,2026-08-01 03:12:44
2026-06-09,F-1004,PeakFuel_US_Meta_Conversions,31447,330,302.56,16,2026-08-01 03:12:44
2026-06-10,F-1004,PeakFuel_US_Meta_Conversions,31416,380,282.35,19,2026-08-01 03:12:44
2026-06-11,F-1004,PeakFuel_US_Meta_Conversions,30615,371,298.03,17,2026-08-01 03:12:44
2026-06-12,F-1004,PeakFuel_US_Meta_Conversions,22712,282,210.93,13,2026-08-01 03:12:44
2026-06-13,F-1004,PeakFuel_US_Meta_Conversions,16607,206,160.28,13,2026-08-01 03:12:44
2026-06-14,F-1004,PeakFuel_US_Meta_Conversions,18149,220,191.5,10,2026-08-01 03:12:44
2026-06-14,F-1004,PeakFuel_US_Meta_Conversions,18149,220,191.5,10,2026-08-01 03:12:44
2026-06-15,F-1004,PKF_US_Meta_Conversions,21392,221,225.7,11,2026-08-01 03:12:44
2026-06-16,F-1004,PKF_US_Meta_Conversions,32578,380,333.17,16,2026-08-01 03:12:44
2026-06-17,F-1004,PKF_US_Meta_Conversions,29328,303,294.86,16,2026-08-01 03:12:44
2026-06-18,F-1004,PKF_US_Meta_Conversions,26941,289,250.2,17,2026-08-01 03:12:44
2026-06-19,F-1004,PKF_US_Meta_Conversions,32076,415,283.14,18,2026-08-01 03:12:44
2026-06-20,F-1004,PKF_US_Meta_Conversions,16908,226,164.41,12,2026-08-01 03:12:44
2026-06-21,F-1004,PKF_US_Meta_Conversions,22019,289,193.26,17,2026-08-01 03:12:44
2026-06-22,F-1004,PKF_US_Meta_Conversions,30861,404,270.77,21,2026-08-01 03:12:44
2026-06-23,F-1004,PKF_US_Meta_Conversions,28769,312,267.16,18,2026-08-01 03:12:44
2026-06-24,F-1004,PKF_US_Meta_Conversions,33259,450,319.47,25,2026-08-01 03:12:44
2026-06-25,F-1004,PKF_US_Meta_Conversions,25784,338,255.64,14,2026-08-01 03:12:44
2026-06-26,F-1004,PKF_US_Meta_Conversions,23851,302,229.81,17,2026-08-01 03:12:44
2026-06-27,F-1004,PKF_US_Meta_Conversions,16312,203,160.62,12,2026-08-01 03:12:44
2026-06-28,F-1004,PKF_US_Meta_Conversions,18777,222,179.62,10,2026-08-01 03:12:44
2026-06-29,F-1004,PKF_US_Meta_Conversions,28363,302,259.22,17,2026-08-01 03:12:44
2026-06-30,F-1004,PKF_US_Meta_Conversions,25168,325,253.28,21,2026-08-01 03:12:44
2026-07-01,F-1004,PKF_US_Meta_Conversions,35991,492,317.14,26,2026-08-01 03:12:44
2026-07-02,F-1004,PKF_US_Meta_Conversions,28303,351,278.52,15,2026-08-01 03:12:44
2026-07-03,F-1004,PKF_US_Meta_Conversions,22968,269,217.89,11,2026-08-01 03:12:44
2026-07-04,F-1004,PKF_US_Meta_Conversions,18831,226,167.05,11,2026-08-01 03:12:44
2026-07-05,F-1004,PKF_US_Meta_Conversions,16119,195,169.44,10,2026-08-01 03:12:44
2026-07-06,F-1004,PKF_US_Meta_Conversions,30869,357,268.66,22,2026-08-01 03:12:44
2026-07-07,F-1004,PKF_US_Meta_Conversions,30366,398,285.33,14,2026-08-01 03:12:44
2026-07-08,F-1004,PKF_US_Meta_Conversions,34919,422,340.08,0,2026-08-01 03:12:44
2026-07-09,F-1004,PKF_US_Meta_Conversions,25646,345,253.51,0,2026-08-01 03:12:44
2026-07-10,F-1004,PKF_US_Meta_Conversions,29838,350,278.99,0,2026-08-01 03:12:44
2026-07-11,F-1004,PKF_US_Meta_Conversions,17414,192,163.06,0,2026-08-01 03:12:44
2026-07-12,F-1004,PKF_US_Meta_Conversions,23446,321,204.75,20,2026-08-01 03:12:44
2026-07-13,F-1004,PKF_US_Meta_Conversions,36284,371,315.38,16,2026-08-01 03:12:44
2026-07-14,F-1004,PKF_US_Meta_Conversions,26932,298,274.91,19,2026-08-01 03:12:44
2026-07-15,F-1004,PKF_US_Meta_Conversions,35113,478,308.35,21,2026-08-01 03:12:44
2026-07-16,F-1004,PKF_US_Meta_Conversions,31428,390,312.54,16,2026-08-01 03:12:44
2026-07-17,F-1004,PKF_US_Meta_Conversions,23745,291,249.78,12,2026-08-01 03:12:44
2026-07-18,F-1004,PKF_US_Meta_Conversions,19054,246,179.54,8,2026-08-01 03:12:44
2026-07-19,F-1004,PKF_US_Meta_Conversions,16104,192,166.52,10,2026-08-01 03:12:44
2026-07-20,F-1004,PKF_US_Meta_Conversions,24411,289,246.97,19,2026-08-01 03:12:44
2026-07-21,F-1004,PKF_US_Meta_Conversions,28124,353,271.88,12,2026-08-01 03:12:44
2026-07-22,F-1004,PKF_US_Meta_Conversions,28859,316,283.71,18,2026-08-01 03:12:44
2026-07-23,F-1004,PKF_US_Meta_Conversions,33250,406,287.29,17,2026-08-01 03:12:44
2026-07-24,F-1004,PKF_US_Meta_Conversions,28098,290,275.97,11,2026-08-01 03:12:44
2026-07-25,F-1004,PKF_US_Meta_Conversions,21325,241,184.52,10,2026-08-01 03:12:44
2026-07-26,F-1004,PKF_US_Meta_Conversions,20516,209,212.91,10,2026-08-01 03:12:44
2026-07-27,F-1004,PKF_US_Meta_Conversions,28049,313,263.68,14,2026-08-01 03:12:44
2026-07-28,F-1004,PKF_US_Meta_Conversions,36978,460,323.43,17,2026-08-01 03:12:44
2026-07-29,F-1004,PKF_US_Meta_Conversions,26607,340,230.76,13,2026-08-01 03:12:44
2026-07-29,F-1004,PKF_US_Meta_Conversions,26607,340,263.42,18,2026-08-04 03:09:10
2026-07-30,F-1004,PKF_US_Meta_Conversions,31689,329,279.01,14,2026-08-01 03:12:44
2026-07-30,F-1004,PKF_US_Meta_Conversions,31689,329,307.5,17,2026-08-04 03:09:10
2026-07-31,F-1004,PKF_US_Meta_Conversions,25281,307,208.89,16,2026-08-01 03:12:44
2026-07-31,F-1004,PKF_US_Meta_Conversions,25281,307,226.34,22,2026-08-04 03:09:10
2026-05-01,F-1005,PeakFuel_CA_Meta_Prospecting,16738,175,167.31,5,2026-08-01 03:12:44
2026-05-02,F-1005,PeakFuel_CA_Meta_Prospecting,9910,115,97.44,5,2026-08-01 03:12:44
2026-05-03,F-1005,PeakFuel_CA_Meta_Prospecting,12887,136,113.1,3,2026-08-01 03:12:44
2026-05-04,F-1005,PeakFuel_CA_Meta_Prospecting,14652,144,152.97,10,2026-08-01 03:12:44
2026-05-05,F-1005,PeakFuel_CA_Meta_Prospecting,15165,182,153.15,12,2026-08-01 03:12:44
2026-05-06,F-1005,PeakFuel_CA_Meta_Prospecting,15666,173,156.63,7,2026-08-01 03:12:44
2026-05-07,F-1005,PeakFuel_CA_Meta_Prospecting,14453,172,143.2,10,2026-08-01 03:12:44
2026-05-08,F-1005,PeakFuel_CA_Meta_Prospecting,16353,162,148.23,5,2026-08-01 03:12:44
2026-05-09,F-1005,PeakFuel_CA_Meta_Prospecting,12747,133,118.81,6,2026-08-01 03:12:44
2026-05-10,F-1005,PeakFuel_CA_Meta_Prospecting,8089,79,84.28,4,2026-08-01 03:12:44
2026-05-11,F-1005,PeakFuel_CA_Meta_Prospecting,16671,200,168.15,6,2026-08-01 03:12:44
2026-05-12,F-1005,PeakFuel_CA_Meta_Prospecting,18239,225,163.27,14,2026-08-01 03:12:44
2026-05-13,F-1005,PeakFuel_CA_Meta_Prospecting,16024,184,166.84,4,2026-08-01 03:12:44
2026-05-14,F-1005,PeakFuel_CA_Meta_Prospecting,18874,226,176.96,17,2026-08-01 03:12:44
2026-05-15,F-1005,PeakFuel_CA_Meta_Prospecting,16863,164,165.6,9,2026-08-01 03:12:44
2026-05-16,F-1005,PeakFuel_CA_Meta_Prospecting,13338,168,116.43,6,2026-08-01 03:12:44
2026-05-17,F-1005,PeakFuel_CA_Meta_Prospecting,10838,125,102.89,5,2026-08-01 03:12:44
2026-05-18,F-1005,PeakFuel_CA_Meta_Prospecting,17792,206,173.65,7,2026-08-01 03:12:44
2026-05-19,F-1005,PeakFuel_CA_Meta_Prospecting,14075,163,140.01,6,2026-08-01 03:12:44
2026-05-20,F-1005,PeakFuel_CA_Meta_Prospecting,19359,186,175.41,12,2026-08-01 03:12:44
2026-05-21,F-1005,PeakFuel_CA_Meta_Prospecting,13524,146,125.64,7,2026-08-01 03:12:44
2026-05-22,F-1005,PeakFuel_CA_Meta_Prospecting,14763,185,141.47,8,2026-08-01 03:12:44
2026-05-23,F-1005,PeakFuel_CA_Meta_Prospecting,12458,144,109.19,6,2026-08-01 03:12:44
2026-05-24,F-1005,PeakFuel_CA_Meta_Prospecting,12124,132,114.6,8,2026-08-01 03:12:44
2026-05-25,F-1005,PeakFuel_CA_Meta_Prospecting,13466,141,131.62,10,2026-08-01 03:12:44
2026-05-26,F-1005,PeakFuel_CA_Meta_Prospecting,15258,150,144.66,4,2026-08-01 03:12:44
2026-05-27,F-1005,PeakFuel_CA_Meta_Prospecting,16884,179,152.48,3,2026-08-01 03:12:44
2026-05-28,F-1005,PeakFuel_CA_Meta_Prospecting,12117,133,125.66,3,2026-08-01 03:12:44
2026-05-29,F-1005,PeakFuel_CA_Meta_Prospecting,12274,115,121.53,2,2026-08-01 03:12:44
2026-05-30,F-1005,PeakFuel_CA_Meta_Prospecting,9057,107,93.03,3,2026-08-01 03:12:44
2026-05-31,F-1005,PeakFuel_CA_Meta_Prospecting,11502,137,111.04,6,2026-08-01 03:12:44
2026-06-01,F-1005,PeakFuel_CA_Meta_Prospecting,18194,209,157.89,5,2026-08-01 03:12:44
2026-06-02,F-1005,PeakFuel_CA_Meta_Prospecting,14450,151,139.04,10,2026-08-01 03:12:44
2026-06-03,F-1005,PeakFuel_CA_Meta_Prospecting,15951,194,158.28,5,2026-08-01 03:12:44
2026-06-04,F-1005,PeakFuel_CA_Meta_Prospecting,15386,165,158.52,3,2026-08-01 03:12:44
2026-06-05,F-1005,PeakFuel_CA_Meta_Prospecting,12822,128,125.63,7,2026-08-01 03:12:44
2026-06-06,F-1005,PeakFuel_CA_Meta_Prospecting,12376,144,110.41,4,2026-08-01 03:12:44
2026-06-07,F-1005,PeakFuel_CA_Meta_Prospecting,11319,116,110.69,2,2026-08-01 03:12:44
2026-06-08,F-1005,PeakFuel_CA_Meta_Prospecting,15533,194,146.28,6,2026-08-01 03:12:44
2026-06-09,F-1005,PeakFuel_CA_Meta_Prospecting,17217,215,158.29,9,2026-08-01 03:12:44
2026-06-10,F-1005,PeakFuel_CA_Meta_Prospecting,16054,151,160.5,7,2026-08-01 03:12:44
2026-06-11,F-1005,PeakFuel_CA_Meta_Prospecting,15056,179,135.49,2,2026-08-01 03:12:44
2026-06-12,F-1005,PeakFuel_CA_Meta_Prospecting,11852,143,121.74,8,2026-08-01 03:12:44
2026-06-13,F-1005,PeakFuel_CA_Meta_Prospecting,12685,147,112.86,9,2026-08-01 03:12:44
2026-06-14,F-1005,PeakFuel_CA_Meta_Prospecting,9921,116,91.7,4,2026-08-01 03:12:44
2026-06-14,F-1005,PeakFuel_CA_Meta_Prospecting,9921,116,91.7,4,2026-08-01 03:12:44
2026-06-15,F-1005,PKF_CA_Meta_Prospecting,14268,156,129.61,9,2026-08-01 03:12:44
2026-06-16,F-1005,PKF_CA_Meta_Prospecting,21193,225,183.13,5,2026-08-01 03:12:44
2026-06-17,F-1005,PKF_CA_Meta_Prospecting,19972,207,181.67,4,2026-08-01 03:12:44
2026-06-18,F-1005,PKF_CA_Meta_Prospecting,18531,190,175.24,12,2026-08-01 03:12:44
2026-06-19,F-1005,PKF_CA_Meta_Prospecting,12802,159,115.97,8,2026-08-01 03:12:44
2026-06-20,F-1005,PKF_CA_Meta_Prospecting,12621,147,118.24,4,2026-08-01 03:12:44
2026-06-21,F-1005,PKF_CA_Meta_Prospecting,8737,104,88.26,4,2026-08-01 03:12:44
2026-06-22,F-1005,PKF_CA_Meta_Prospecting,17479,220,159.9,9,2026-08-01 03:12:44
2026-06-23,F-1005,PKF_CA_Meta_Prospecting,17844,224,173.33,8,2026-08-01 03:12:44
2026-06-24,F-1005,PKF_CA_Meta_Prospecting,19227,182,184.02,8,2026-08-01 03:12:44
2026-06-25,F-1005,PKF_CA_Meta_Prospecting,16876,174,157.58,1,2026-08-01 03:12:44
2026-06-26,F-1005,PKF_CA_Meta_Prospecting,15317,192,139.32,6,2026-08-01 03:12:44
2026-06-27,F-1005,PKF_CA_Meta_Prospecting,10278,102,100.28,6,2026-08-01 03:12:44
2026-06-28,F-1005,PKF_CA_Meta_Prospecting,9331,93,92.39,5,2026-08-01 03:12:44
2026-06-29,F-1005,PKF_CA_Meta_Prospecting,16980,213,172.53,10,2026-08-01 03:12:44
2026-06-30,F-1005,PKF_CA_Meta_Prospecting,14919,156,152.75,6,2026-08-01 03:12:44
2026-07-01,F-1005,PKF_CA_Meta_Prospecting,15472,189,139.21,6,2026-08-01 03:12:44
2026-07-02,F-1005,PKF_CA_Meta_Prospecting,18541,201,165.55,16,2026-08-01 03:12:44
2026-07-03,F-1005,PKF_CA_Meta_Prospecting,14003,139,137.35,7,2026-08-01 03:12:44
2026-07-04,F-1005,PKF_CA_Meta_Prospecting,11185,111,97.12,3,2026-08-01 03:12:44
2026-07-05,F-1005,PKF_CA_Meta_Prospecting,9011,105,82.88,6,2026-08-01 03:12:44
2026-07-06,F-1005,PKF_CA_Meta_Prospecting,12831,155,134.78,9,2026-08-01 03:12:44
2026-07-07,F-1005,PKF_CA_Meta_Prospecting,15529,173,142.1,7,2026-08-01 03:12:44
2026-07-08,F-1005,PKF_CA_Meta_Prospecting,16101,169,166.7,0,2026-08-01 03:12:44
2026-07-09,F-1005,PKF_CA_Meta_Prospecting,18341,179,176.05,0,2026-08-01 03:12:44
2026-07-10,F-1005,PKF_CA_Meta_Prospecting,13779,137,124.08,0,2026-08-01 03:12:44
2026-07-11,F-1005,PKF_CA_Meta_Prospecting,8816,109,91.76,0,2026-08-01 03:12:44
2026-07-12,F-1005,PKF_CA_Meta_Prospecting,11965,142,104.63,7,2026-08-01 03:12:44
2026-07-13,F-1005,PKF_CA_Meta_Prospecting,11839,140,124.49,12,2026-08-01 03:12:44
2026-07-14,F-1005,PKF_CA_Meta_Prospecting,15833,175,162.38,8,2026-08-01 03:12:44
2026-07-15,F-1005,PKF_CA_Meta_Prospecting,17268,204,162.15,15,2026-08-01 03:12:44
2026-07-16,F-1005,PKF_CA_Meta_Prospecting,15205,179,133.16,7,2026-08-01 03:12:44
2026-07-17,F-1005,PKF_CA_Meta_Prospecting,13128,140,125.92,7,2026-08-01 03:12:44
2026-07-18,F-1005,PKF_CA_Meta_Prospecting,9550,97,86.86,6,2026-08-01 03:12:44
2026-07-19,F-1005,PKF_CA_Meta_Prospecting,8854,97,82.2,3,2026-08-01 03:12:44
2026-07-20,F-1005,PKF_CA_Meta_Prospecting,18805,225,172.71,6,2026-08-01 03:12:44
2026-07-21,F-1005,PKF_CA_Meta_Prospecting,19238,186,169.33,5,2026-08-01 03:12:44
2026-07-22,F-1005,PKF_CA_Meta_Prospecting,20466,200,178.86,10,2026-08-01 03:12:44
2026-07-23,F-1005,PKF_CA_Meta_Prospecting,14907,183,146.35,6,2026-08-01 03:12:44
2026-07-24,F-1005,PKF_CA_Meta_Prospecting,16131,163,149.16,8,2026-08-01 03:12:44
2026-07-25,F-1005,PKF_CA_Meta_Prospecting,11573,110,106.59,6,2026-08-01 03:12:44
2026-07-26,F-1005,PKF_CA_Meta_Prospecting,10105,99,103.38,5,2026-08-01 03:12:44
2026-07-27,F-1005,PKF_CA_Meta_Prospecting,14294,133,126.2,1,2026-08-01 03:12:44
2026-07-28,F-1005,PKF_CA_Meta_Prospecting,18361,171,176.24,4,2026-08-01 03:12:44
2026-07-29,F-1005,PKF_CA_Meta_Prospecting,13998,172,134.52,8,2026-08-01 03:12:44
2026-07-29,F-1005,PKF_CA_Meta_Prospecting,13998,172,145.2,11,2026-08-04 03:09:10
2026-07-30,F-1005,PKF_CA_Meta_Prospecting,13792,135,119.47,1,2026-08-01 03:12:44
2026-07-30,F-1005,PKF_CA_Meta_Prospecting,13792,135,134.1,2,2026-08-04 03:09:10
2026-07-31,F-1005,PKF_CA_Meta_Prospecting,15461,157,148.79,2,2026-08-01 03:12:44
2026-07-31,F-1005,PKF_CA_Meta_Prospecting,15461,157,161.01,3,2026-08-04 03:09:10
2026-05-01,F-1006,NMB_US_Meta_Prospecting_2026Q2,31319,346,314.94,7,2026-08-01 03:12:44
2026-05-02,F-1006,NMB_US_Meta_Prospecting_2026Q2,30135,257,317.21,8,2026-08-01 03:12:44
2026-05-03,F-1006,NMB_US_Meta_Prospecting_2026Q2,30398,308,280.68,14,2026-08-01 03:12:44
2026-05-04,F-1006,NMB_US_Meta_Prospecting_2026Q2,43605,485,416.95,7,2026-08-01 03:12:44
2026-05-05,F-1006,NMB_US_Meta_Prospecting_2026Q2,46396,514,406.48,17,2026-08-01 03:12:44
2026-05-06,F-1006,NMB_US_Meta_Prospecting_2026Q2,46701,436,461.42,14,2026-08-01 03:12:44
2026-05-07,F-1006,NMB_US_Meta_Prospecting_2026Q2,40677,434,387.38,7,2026-08-01 03:12:44
2026-05-08,F-1006,NMB_US_Meta_Prospecting_2026Q2,38061,426,353.44,12,2026-08-01 03:12:44
2026-05-09,F-1006,NMB_US_Meta_Prospecting_2026Q2,29012,274,289.14,12,2026-08-01 03:12:44
2026-05-10,F-1006,NMB_US_Meta_Prospecting_2026Q2,25912,259,233.92,6,2026-08-01 03:12:44
2026-05-11,F-1006,NMB_US_Meta_Prospecting_2026Q2,40178,381,390.62,10,2026-08-01 03:12:44
2026-05-12,F-1006,NMB_US_Meta_Prospecting_2026Q2,41273,365,379.7,10,2026-08-01 03:12:44
2026-05-13,F-1006,NMB_US_Meta_Prospecting_2026Q2,40626,422,397.85,9,2026-08-01 03:12:44
2026-05-14,F-1006,NMB_US_Meta_Prospecting_2026Q2,49355,516,449.56,18,2026-08-01 03:12:44
2026-05-15,F-1006,NMB_US_Meta_Prospecting_2026Q2,45643,454,418.74,11,2026-08-01 03:12:44
2026-05-16,F-1006,NMB_US_Meta_Prospecting_2026Q2,31658,344,278.45,9,2026-08-01 03:12:44
2026-05-17,F-1006,NMB_US_Meta_Prospecting_2026Q2,28978,326,260.02,11,2026-08-01 03:12:44
2026-05-18,F-1006,NMB_US_Meta_Prospecting_2026Q2,32630,310,330.4,11,2026-08-01 03:12:44
2026-05-19,F-1006,NMB_US_Meta_Prospecting_2026Q2,48395,548,418.46,9,2026-08-01 03:12:44
2026-05-20,F-1006,NMB_US_Meta_Prospecting_2026Q2,48499,449,439.71,14,2026-08-01 03:12:44
2026-05-21,F-1006,NMB_US_Meta_Prospecting_2026Q2,47297,540,409.11,9,2026-08-01 03:12:44
2026-05-22,F-1006,NMB_US_Meta_Prospecting_2026Q2,41276,377,366.7,11,2026-08-01 03:12:44
2026-05-23,F-1006,NMB_US_Meta_Prospecting_2026Q2,27797,255,268.33,12,2026-08-01 03:12:44
2026-05-24,F-1006,NMB_US_Meta_Prospecting_2026Q2,25093,283,254.92,11,2026-08-01 03:12:44
2026-05-25,F-1006,NMB_US_Meta_Prospecting_2026Q2,36780,364,368.85,8,2026-08-01 03:12:44
2026-05-26,F-1006,NMB_US_Meta_Prospecting_2026Q2,47105,527,424.8,12,2026-08-01 03:12:44
2026-05-27,F-1006,NMB_US_Meta_Prospecting_2026Q2,46520,530,410.89,10,2026-08-01 03:12:44
2026-05-28,F-1006,NMB_US_Meta_Prospecting_2026Q2,42907,452,377.2,13,2026-08-01 03:12:44
2026-05-29,F-1006,NMB_US_Meta_Prospecting_2026Q2,38703,425,380.5,10,2026-08-01 03:12:44
2026-05-30,F-1006,NMB_US_Meta_Prospecting_2026Q2,36895,314,335.55,10,2026-08-01 03:12:44
2026-05-31,F-1006,NMB_US_Meta_Prospecting_2026Q2,28943,251,275.03,7,2026-08-01 03:12:44
2026-06-01,F-1006,NMB_US_Meta_Prospecting_2026Q2,43642,449,382.64,12,2026-08-01 03:12:44
2026-06-02,F-1006,NMB_US_Meta_Prospecting_2026Q2,53606,513,478.84,14,2026-08-01 03:12:44
2026-06-03,F-1006,NMB_US_Meta_Prospecting_2026Q2,53783,549,479.8,16,2026-08-01 03:12:44
2026-06-04,F-1006,NMB_US_Meta_Prospecting_2026Q2,51000,450,489.41,11,2026-08-01 03:12:44
2026-06-05,F-1006,NMB_US_Meta_Prospecting_2026Q2,36020,375,364.83,10,2026-08-01 03:12:44
2026-06-06,F-1006,NMB_US_Meta_Prospecting_2026Q2,30266,337,311.22,13,2026-08-01 03:12:44
2026-06-07,F-1006,NMB_US_Meta_Prospecting_2026Q2,30140,336,303.26,9,2026-08-01 03:12:44
2026-06-08,F-1006,NMB_US_Meta_Prospecting_2026Q2,51476,567,471.52,14,2026-08-01 03:12:44
2026-06-09,F-1006,NMB_US_Meta_Prospecting_2026Q2,44973,396,453.86,11,2026-08-01 03:12:44
2026-06-10,F-1006,NMB_US_Meta_Prospecting_2026Q2,55720,572,507.7,14,2026-08-01 03:12:44
2026-06-11,F-1006,NMB_US_Meta_Prospecting_2026Q2,44464,426,436.1,11,2026-08-01 03:12:44
2026-06-12,F-1006,NMB_US_Meta_Prospecting_2026Q2,43940,374,398.0,7,2026-08-01 03:12:44
2026-06-13,F-1006,NMB_US_Meta_Prospecting_2026Q2,31228,299,311.88,9,2026-08-01 03:12:44
2026-06-14,F-1006,NMB_US_Meta_Prospecting_2026Q2,34702,346,327.21,15,2026-08-01 03:12:44
2026-06-14,F-1006,NMB_US_Meta_Prospecting_2026Q2,34702,346,327.21,15,2026-08-01 03:12:44
2026-06-15,F-1006,NMB_US_Meta_Prospecting_2026Q2,41391,352,415.16,8,2026-08-01 03:12:44
2026-06-16,F-1006,NMB_US_Meta_Prospecting_2026Q2,40156,439,420.68,18,2026-08-01 03:12:44
2026-06-17,F-1006,NMB_US_Meta_Prospecting_2026Q2,39238,417,413.62,16,2026-08-01 03:12:44
2026-06-18,F-1006,NMB_US_Meta_Prospecting_2026Q2,42982,403,375.81,10,2026-08-01 03:12:44
2026-06-19,F-1006,NMB_US_Meta_Prospecting_2026Q2,48792,434,471.58,11,2026-08-01 03:12:44
2026-06-20,F-1006,NMB_US_Meta_Prospecting_2026Q2,37334,399,342.15,8,2026-08-01 03:12:44
2026-06-21,F-1006,NMB_US_Meta_Prospecting_2026Q2,30313,297,284.14,10,2026-08-01 03:12:44
2026-06-22,F-1006,NMB_US_Meta_Prospecting_2026Q2,53107,591,464.39,19,2026-08-01 03:12:44
2026-06-23,F-1006,NMB_US_Meta_Prospecting_2026Q2,39226,356,410.62,6,2026-08-01 03:12:44
2026-06-24,F-1006,NMB_US_Meta_Prospecting_2026Q2,46228,473,417.15,9,2026-08-01 03:12:44
2026-06-25,F-1006,NMB_US_Meta_Prospecting_2026Q2,34209,355,357.33,6,2026-08-01 03:12:44
2026-06-26,F-1006,NMB_US_Meta_Prospecting_2026Q2,40709,424,421.42,11,2026-08-01 03:12:44
2026-06-27,F-1006,NMB_US_Meta_Prospecting_2026Q2,39888,413,348.34,10,2026-08-01 03:12:44
2026-06-28,F-1006,NMB_US_Meta_Prospecting_2026Q2,26428,290,275.21,7,2026-08-01 03:12:44
2026-06-29,F-1006,NMB_US_Meta_Prospecting_2026Q2,47188,477,456.17,12,2026-08-01 03:12:44
2026-06-30,F-1006,NMB_US_Meta_Prospecting_2026Q2,42483,370,434.93,16,2026-08-01 03:12:44
2026-07-01,F-1006,NMB_US_Meta_Prospecting_2026Q2,39982,356,415.73,9,2026-08-01 03:12:44
2026-07-02,F-1006,NMB_US_Meta_Prospecting_2026Q2,37636,390,362.78,14,2026-08-01 03:12:44
2026-07-03,F-1006,NMB_US_Meta_Prospecting_2026Q2,34964,329,346.25,4,2026-08-01 03:12:44
2026-07-04,F-1006,NMB_US_Meta_Prospecting_2026Q2,32872,322,324.49,5,2026-08-01 03:12:44
2026-07-05,F-1006,NMB_US_Meta_Prospecting_2026Q2,31469,327,315.46,9,2026-08-01 03:12:44
2026-07-06,F-1006,NMB_US_Meta_Prospecting_2026Q2,51036,465,457.03,13,2026-08-01 03:12:44
2026-07-07,F-1006,NMB_US_Meta_Prospecting_2026Q2,57423,626,502.98,7,2026-08-01 03:12:44
2026-07-08,F-1006,NMB_US_Meta_Prospecting_2026Q2,58013,573,511.57,0,2026-08-01 03:12:44
2026-07-09,F-1006,NMB_US_Meta_Prospecting_2026Q2,47683,448,463.73,0,2026-08-01 03:12:44
2026-07-10,F-1006,NMB_US_Meta_Prospecting_2026Q2,38511,364,399.15,0,2026-08-01 03:12:44
2026-07-11,F-1006,NMB_US_Meta_Prospecting_2026Q2,34981,360,339.46,0,2026-08-01 03:12:44
2026-07-12,F-1006,NMB_US_Meta_Prospecting_2026Q2,38037,414,345.22,18,2026-08-01 03:12:44
2026-07-13,F-1006,NMB_US_Meta_Prospecting_2026Q2,59639,674,519.34,12,2026-08-01 03:12:44
2026-07-14,F-1006,NMB_US_Meta_Prospecting_2026Q2,41374,362,412.99,10,2026-08-01 03:12:44
2026-07-15,F-1006,NMB_US_Meta_Prospecting_2026Q2,48050,489,493.09,11,2026-08-01 03:12:44
2026-07-16,F-1006,NMB_US_Meta_Prospecting_2026Q2,50113,496,437.65,16,2026-08-01 03:12:44
2026-07-17,F-1006,NMB_US_Meta_Prospecting_2026Q2,39249,428,354.53,9,2026-08-01 03:12:44
2026-07-18,F-1006,NMB_US_Meta_Prospecting_2026Q2,40295,416,370.37,12,2026-08-01 03:12:44
2026-07-19,F-1006,NMB_US_Meta_Prospecting_2026Q2,35277,399,330.47,13,2026-08-01 03:12:44
2026-07-20,F-1006,NMB_US_Meta_Prospecting_2026Q2,52608,550,500.46,17,2026-08-01 03:12:44
2026-07-21,F-1006,NMB_US_Meta_Prospecting_2026Q2,55319,590,553.2,16,2026-08-01 03:12:44
2026-07-22,F-1006,NMB_US_Meta_Prospecting_2026Q2,47096,510,410.16,16,2026-08-01 03:12:44
2026-07-23,F-1006,NMB_US_Meta_Prospecting_2026Q2,48075,464,427.0,14,2026-08-01 03:12:44
2026-07-24,F-1006,NMB_US_Meta_Prospecting_2026Q2,50426,434,461.77,10,2026-08-01 03:12:44
2026-07-25,F-1006,NMB_US_Meta_Prospecting_2026Q2,37609,346,340.77,7,2026-08-01 03:12:44
2026-07-26,F-1006,NMB_US_Meta_Prospecting_2026Q2,28759,322,252.53,11,2026-08-01 03:12:44
2026-07-27,F-1006,NMB_US_Meta_Prospecting_2026Q2,41754,356,437.35,15,2026-08-01 03:12:44
2026-07-28,F-1006,NMB_US_Meta_Prospecting_2026Q2,60156,639,536.22,15,2026-08-01 03:12:44
2026-07-29,F-1006,NMB_US_Meta_Prospecting_2026Q2,57070,560,452.54,16,2026-08-01 03:12:44
2026-07-29,F-1006,NMB_US_Meta_Prospecting_2026Q2,57070,560,520.11,19,2026-08-04 03:09:10
2026-07-30,F-1006,NMB_US_Meta_Prospecting_2026Q2,47164,498,378.48,13,2026-08-01 03:12:44
2026-07-30,F-1006,NMB_US_Meta_Prospecting_2026Q2,47164,498,417.23,17,2026-08-04 03:09:10
2026-07-31,F-1006,NMB_US_Meta_Prospecting_2026Q2,43089,477,366.49,4,2026-08-01 03:12:44
2026-07-31,F-1006,NMB_US_Meta_Prospecting_2026Q2,43089,477,405.58,5,2026-08-04 03:09:10
2026-05-01,F-1007,NMB_US_Meta_Retargeting_2026Q2,15839,241,142.17,10,2026-08-01 03:12:44
2026-05-02,F-1007,NMB_US_Meta_Retargeting_2026Q2,10758,178,113.08,6,2026-08-01 03:12:44
2026-05-03,F-1007,NMB_US_Meta_Retargeting_2026Q2,8681,110,90.58,3,2026-08-01 03:12:44
2026-05-04,F-1007,NMB_US_Meta_Retargeting_2026Q2,13921,177,135.91,7,2026-08-01 03:12:44
2026-05-05,F-1007,NMB_US_Meta_Retargeting_2026Q2,14974,219,151.1,11,2026-08-01 03:12:44
2026-05-06,F-1007,NMB_US_Meta_Retargeting_2026Q2,17319,235,168.01,11,2026-08-01 03:12:44
2026-05-07,F-1007,NMB_US_Meta_Retargeting_2026Q2,20759,357,185.13,14,2026-08-01 03:12:44
2026-05-08,F-1007,NMB_US_Meta_Retargeting_2026Q2,16322,233,149.64,7,2026-08-01 03:12:44
2026-05-09,F-1007,NMB_US_Meta_Retargeting_2026Q2,12776,203,112.21,6,2026-08-01 03:12:44
2026-05-10,F-1007,NMB_US_Meta_Retargeting_2026Q2,12763,172,111.83,7,2026-08-01 03:12:44
2026-05-11,F-1007,NMB_US_Meta_Retargeting_2026Q2,16342,228,159.56,7,2026-08-01 03:12:44
2026-05-12,F-1007,NMB_US_Meta_Retargeting_2026Q2,14319,240,140.59,8,2026-08-01 03:12:44
2026-05-13,F-1007,NMB_US_Meta_Retargeting_2026Q2,21060,355,202.35,15,2026-08-01 03:12:44
2026-05-14,F-1007,NMB_US_Meta_Retargeting_2026Q2,14648,226,133.5,10,2026-08-01 03:12:44
2026-05-15,F-1007,NMB_US_Meta_Retargeting_2026Q2,15442,223,135.36,14,2026-08-01 03:12:44
2026-05-16,F-1007,NMB_US_Meta_Retargeting_2026Q2,11315,159,106.16,4,2026-08-01 03:12:44
2026-05-17,F-1007,NMB_US_Meta_Retargeting_2026Q2,9954,127,92.58,2,2026-08-01 03:12:44
2026-05-18,F-1007,NMB_US_Meta_Retargeting_2026Q2,14949,246,134.86,9,2026-08-01 03:12:44
2026-05-19,F-1007,NMB_US_Meta_Retargeting_2026Q2,18972,265,166.29,13,2026-08-01 03:12:44
2026-05-20,F-1007,NMB_US_Meta_Retargeting_2026Q2,18559,280,192.92,12,2026-08-01 03:12:44
2026-05-21,F-1007,NMB_US_Meta_Retargeting_2026Q2,14681,208,148.08,10,2026-08-01 03:12:44
2026-05-22,F-1007,NMB_US_Meta_Retargeting_2026Q2,19920,305,173.71,13,2026-08-01 03:12:44
2026-05-23,F-1007,NMB_US_Meta_Retargeting_2026Q2,13012,173,128.64,4,2026-08-01 03:12:44
2026-05-24,F-1007,NMB_US_Meta_Retargeting_2026Q2,9058,148,92.41,8,2026-08-01 03:12:44
2026-05-25,F-1007,NMB_US_Meta_Retargeting_2026Q2,16802,260,156.16,6,2026-08-01 03:12:44
2026-05-26,F-1007,NMB_US_Meta_Retargeting_2026Q2,13605,207,136.92,11,2026-08-01 03:12:44
2026-05-27,F-1007,NMB_US_Meta_Retargeting_2026Q2,15743,246,164.14,7,2026-08-01 03:12:44
2026-05-28,F-1007,NMB_US_Meta_Retargeting_2026Q2,13051,178,134.83,6,2026-08-01 03:12:44
2026-05-29,F-1007,NMB_US_Meta_Retargeting_2026Q2,18358,298,172.74,10,2026-08-01 03:12:44
2026-05-30,F-1007,NMB_US_Meta_Retargeting_2026Q2,13681,198,126.05,7,2026-08-01 03:12:44
2026-05-31,F-1007,NMB_US_Meta_Retargeting_2026Q2,11180,161,112.45,10,2026-08-01 03:12:44
2026-06-01,F-1007,NMB_US_Meta_Retargeting_2026Q2,18480,259,181.6,5,2026-08-01 03:12:44
2026-06-02,F-1007,NMB_US_Meta_Retargeting_2026Q2,18857,265,192.75,10,2026-08-01 03:12:44
2026-06-03,F-1007,NMB_US_Meta_Retargeting_2026Q2,19027,287,193.83,12,2026-08-01 03:12:44
2026-06-04,F-1007,NMB_US_Meta_Retargeting_2026Q2,15312,244,151.11,11,2026-08-01 03:12:44
2026-06-05,F-1007,NMB_US_Meta_Retargeting_2026Q2,17758,226,157.76,10,2026-08-01 03:12:44
2026-06-06,F-1007,NMB_US_Meta_Retargeting_2026Q2,9550,148,93.0,4,2026-08-01 03:12:44
2026-06-07,F-1007,NMB_US_Meta_Retargeting_2026Q2,11209,180,99.95,8,2026-08-01 03:12:44
2026-06-08,F-1007,NMB_US_Meta_Retargeting_2026Q2,14547,220,130.65,7,2026-08-01 03:12:44
2026-06-09,F-1007,NMB_US_Meta_Retargeting_2026Q2,18840,323,171.66,10,2026-08-01 03:12:44
2026-06-10,F-1007,NMB_US_Meta_Retargeting_2026Q2,18160,252,178.54,8,2026-08-01 03:12:44
2026-06-11,F-1007,NMB_US_Meta_Retargeting_2026Q2,15383,198,152.03,6,2026-08-01 03:12:44
2026-06-12,F-1007,NMB_US_Meta_Retargeting_2026Q2,15099,215,134.7,9,2026-08-01 03:12:44
2026-06-13,F-1007,NMB_US_Meta_Retargeting_2026Q2,12205,176,128.52,3,2026-08-01 03:12:44
2026-06-14,F-1007,NMB_US_Meta_Retargeting_2026Q2,9098,129,87.04,7,2026-08-01 03:12:44
2026-06-14,F-1007,NMB_US_Meta_Retargeting_2026Q2,9098,129,87.04,7,2026-08-01 03:12:44
2026-06-15,F-1007,NMB_US_Meta_Retargeting_2026Q2,13379,175,136.27,11,2026-08-01 03:12:44
2026-06-16,F-1007,NMB_US_Meta_Retargeting_2026Q2,12985,172,133.97,4,2026-08-01 03:12:44
2026-06-17,F-1007,NMB_US_Meta_Retargeting_2026Q2,17047,262,156.38,10,2026-08-01 03:12:44
2026-06-18,F-1007,NMB_US_Meta_Retargeting_2026Q2,20753,273,185.58,8,2026-08-01 03:12:44
2026-06-19,F-1007,NMB_US_Meta_Retargeting_2026Q2,12686,173,129.16,2,2026-08-01 03:12:44
2026-06-20,F-1007,NMB_US_Meta_Retargeting_2026Q2,11154,188,110.25,10,2026-08-01 03:12:44
2026-06-21,F-1007,NMB_US_Meta_Retargeting_2026Q2,13437,207,120.95,10,2026-08-01 03:12:44
2026-06-22,F-1007,NMB_US_Meta_Retargeting_2026Q2,12272,186,128.08,6,2026-08-01 03:12:44
2026-06-23,F-1007,NMB_US_Meta_Retargeting_2026Q2,15412,262,135.43,10,2026-08-01 03:12:44
2026-06-24,F-1007,NMB_US_Meta_Retargeting_2026Q2,19726,327,184.62,15,2026-08-01 03:12:44
2026-06-25,F-1007,NMB_US_Meta_Retargeting_2026Q2,13786,192,135.9,11,2026-08-01 03:12:44
2026-06-26,F-1007,NMB_US_Meta_Retargeting_2026Q2,12812,168,123.8,2,2026-08-01 03:12:44
2026-06-27,F-1007,NMB_US_Meta_Retargeting_2026Q2,12155,168,124.91,10,2026-08-01 03:12:44
2026-06-28,F-1007,NMB_US_Meta_Retargeting_2026Q2,8970,134,89.3,6,2026-08-01 03:12:44
2026-06-29,F-1007,NMB_US_Meta_Retargeting_2026Q2,16067,269,151.32,5,2026-08-01 03:12:44
2026-06-30,F-1007,NMB_US_Meta_Retargeting_2026Q2,14644,218,148.61,6,2026-08-01 03:12:44
2026-07-01,F-1007,NMB_US_Meta_Retargeting_2026Q2,18526,260,177.97,13,2026-08-01 03:12:44
2026-07-02,F-1007,NMB_US_Meta_Retargeting_2026Q2,13611,191,138.57,8,2026-08-01 03:12:44
2026-07-03,F-1007,NMB_US_Meta_Retargeting_2026Q2,14230,233,129.29,16,2026-08-01 03:12:44
2026-07-04,F-1007,NMB_US_Meta_Retargeting_2026Q2,11201,152,116.61,8,2026-08-01 03:12:44
2026-07-05,F-1007,NMB_US_Meta_Retargeting_2026Q2,10397,178,98.22,7,2026-08-01 03:12:44
2026-07-06,F-1007,NMB_US_Meta_Retargeting_2026Q2,13857,179,136.21,6,2026-08-01 03:12:44
2026-07-07,F-1007,NMB_US_Meta_Retargeting_2026Q2,15236,257,149.43,15,2026-08-01 03:12:44
2026-07-08,F-1007,NMB_US_Meta_Retargeting_2026Q2,15219,256,152.03,0,2026-08-01 03:12:44
2026-07-09,F-1007,NMB_US_Meta_Retargeting_2026Q2,15804,255,163.15,0,2026-08-01 03:12:44
2026-07-10,F-1007,NMB_US_Meta_Retargeting_2026Q2,15024,200,136.71,0,2026-08-01 03:12:44
2026-07-11,F-1007,NMB_US_Meta_Retargeting_2026Q2,12157,178,122.23,0,2026-08-01 03:12:44
2026-07-12,F-1007,NMB_US_Meta_Retargeting_2026Q2,11774,196,108.83,5,2026-08-01 03:12:44
2026-07-13,F-1007,NMB_US_Meta_Retargeting_2026Q2,17493,238,167.66,7,2026-08-01 03:12:44
2026-07-14,F-1007,NMB_US_Meta_Retargeting_2026Q2,18543,301,161.67,11,2026-08-01 03:12:44
2026-07-15,F-1007,NMB_US_Meta_Retargeting_2026Q2,15438,250,153.86,11,2026-08-01 03:12:44
2026-07-16,F-1007,NMB_US_Meta_Retargeting_2026Q2,15842,223,155.76,6,2026-08-01 03:12:44
2026-07-17,F-1007,NMB_US_Meta_Retargeting_2026Q2,16904,266,168.17,14,2026-08-01 03:12:44
2026-07-18,F-1007,NMB_US_Meta_Retargeting_2026Q2,12805,169,111.94,4,2026-08-01 03:12:44
2026-07-19,F-1007,NMB_US_Meta_Retargeting_2026Q2,9453,139,91.57,5,2026-08-01 03:12:44
2026-07-20,F-1007,NMB_US_Meta_Retargeting_2026Q2,16713,257,173.26,7,2026-08-01 03:12:44
2026-07-21,F-1007,NMB_US_Meta_Retargeting_2026Q2,20784,333,186.94,12,2026-08-01 03:12:44
2026-07-22,F-1007,NMB_US_Meta_Retargeting_2026Q2,16981,284,160.93,17,2026-08-01 03:12:44
2026-07-23,F-1007,NMB_US_Meta_Retargeting_2026Q2,16133,232,142.16,9,2026-08-01 03:12:44
2026-07-24,F-1007,NMB_US_Meta_Retargeting_2026Q2,12726,165,120.33,7,2026-08-01 03:12:44
2026-07-25,F-1007,NMB_US_Meta_Retargeting_2026Q2,10928,168,98.14,2,2026-08-01 03:12:44
2026-07-26,F-1007,NMB_US_Meta_Retargeting_2026Q2,11118,145,102.08,4,2026-08-01 03:12:44
2026-07-27,F-1007,NMB_US_Meta_Retargeting_2026Q2,18197,311,162.15,15,2026-08-01 03:12:44
2026-07-28,F-1007,NMB_US_Meta_Retargeting_2026Q2,19378,268,178.17,21,2026-08-01 03:12:44
2026-07-29,F-1007,NMB_US_Meta_Retargeting_2026Q2,14676,213,131.97,10,2026-08-01 03:12:44
2026-07-29,F-1007,NMB_US_Meta_Retargeting_2026Q2,14676,213,142.28,13,2026-08-04 03:09:10
2026-07-30,F-1007,NMB_US_Meta_Retargeting_2026Q2,16109,212,150.49,9,2026-08-01 03:12:44
2026-07-30,F-1007,NMB_US_Meta_Retargeting_2026Q2,16109,212,163.07,12,2026-08-04 03:09:10
2026-07-31,F-1007,NMB_US_Meta_Retargeting_2026Q2,16828,264,151.7,8,2026-08-01 03:12:44
2026-07-31,F-1007,NMB_US_Meta_Retargeting_2026Q2,16828,264,168.17,10,2026-08-04 03:09:10
2026-05-01,F-1008,Campaign #17 - old test,1641,10,14.34,0,2026-08-01 03:12:44
2026-05-02,F-1008,Campaign #17 - old test,1451,9,14.05,1,2026-08-01 03:12:44
2026-05-03,F-1008,Campaign #17 - old test,1536,8,13.3,0,2026-08-01 03:12:44
2026-05-04,F-1008,Campaign #17 - old test,1596,8,16.25,0,2026-08-01 03:12:44
2026-05-05,F-1008,Campaign #17 - old test,1592,9,15.92,0,2026-08-01 03:12:44
2026-05-06,F-1008,Campaign #17 - old test,1994,13,19.4,0,2026-08-01 03:12:44
2026-05-07,F-1008,Campaign #17 - old test,1924,10,18.6,0,2026-08-01 03:12:44
2026-05-08,F-1008,Campaign #17 - old test,1695,8,17.2,0,2026-08-01 03:12:44
2026-05-09,F-1008,Campaign #17 - old test,1652,10,14.68,0,2026-08-01 03:12:44
2026-05-10,F-1008,Campaign #17 - old test,1215,6,11.28,0,2026-08-01 03:12:44
2026-05-11,F-1008,Campaign #17 - old test,1627,10,16.72,0,2026-08-01 03:12:44
2026-05-12,F-1008,Campaign #17 - old test,1996,11,18.92,0,2026-08-01 03:12:44
2026-05-13,F-1008,Campaign #17 - old test,2317,15,20.56,0,2026-08-01 03:12:44
2026-05-14,F-1008,Campaign #17 - old test,1837,11,19.27,0,2026-08-01 03:12:44
2026-05-15,F-1008,Campaign #17 - old test,1945,11,17.65,0,2026-08-01 03:12:44
2026-05-16,F-1008,Campaign #17 - old test,1308,7,11.89,0,2026-08-01 03:12:44
2026-05-17,F-1008,Campaign #17 - old test,1395,7,14.38,0,2026-08-01 03:12:44
2026-05-18,F-1008,Campaign #17 - old test,1918,11,19.79,1,2026-08-01 03:12:44
2026-05-19,F-1008,Campaign #17 - old test,1785,12,18.58,0,2026-08-01 03:12:44
2026-05-20,F-1008,Campaign #17 - old test,2176,12,22.91,0,2026-08-01 03:12:44
2026-05-21,F-1008,Campaign #17 - old test,2032,10,19.88,0,2026-08-01 03:12:44
2026-05-22,F-1008,Campaign #17 - old test,1861,12,18.36,0,2026-08-01 03:12:44
2026-05-23,F-1008,Campaign #17 - old test,1285,6,11.7,0,2026-08-01 03:12:44
2026-05-24,F-1008,Campaign #17 - old test,1124,5,10.3,0,2026-08-01 03:12:44
2026-05-25,F-1008,Campaign #17 - old test,2327,12,20.47,0,2026-08-01 03:12:44
2026-05-26,F-1008,Campaign #17 - old test,2057,13,18.98,0,2026-08-01 03:12:44
2026-05-27,F-1008,Campaign #17 - old test,2296,14,21.22,0,2026-08-01 03:12:44
2026-05-28,F-1008,Campaign #17 - old test,1563,10,15.74,0,2026-08-01 03:12:44
2026-05-29,F-1008,Campaign #17 - old test,1912,10,19.41,0,2026-08-01 03:12:44
2026-05-30,F-1008,Campaign #17 - old test,1500,7,14.52,0,2026-08-01 03:12:44
2026-05-31,F-1008,Campaign #17 - old test,1292,8,11.58,0,2026-08-01 03:12:44
2026-06-01,F-1008,Campaign #17 - old test,2178,13,19.79,0,2026-08-01 03:12:44
2026-06-02,F-1008,Campaign #17 - old test,1909,10,18.99,0,2026-08-01 03:12:44
2026-06-03,F-1008,Campaign #17 - old test,1916,10,17.6,0,2026-08-01 03:12:44
2026-06-04,F-1008,Campaign #17 - old test,2290,12,20.18,0,2026-08-01 03:12:44
2026-06-05,F-1008,Campaign #17 - old test,1948,13,17.49,0,2026-08-01 03:12:44
2026-06-06,F-1008,Campaign #17 - old test,1310,8,13.05,0,2026-08-01 03:12:44
2026-06-07,F-1008,Campaign #17 - old test,1089,7,11.05,0,2026-08-01 03:12:44
2026-06-08,F-1008,Campaign #17 - old test,2486,13,22.01,0,2026-08-01 03:12:44
2026-06-09,F-1008,Campaign #17 - old test,2299,15,22.43,0,2026-08-01 03:12:44
2026-06-10,F-1008,Campaign #17 - old test,2252,13,21.85,1,2026-08-01 03:12:44
2026-06-11,F-1008,Campaign #17 - old test,2043,12,18.16,0,2026-08-01 03:12:44
2026-06-12,F-1008,Campaign #17 - old test,1756,11,15.74,0,2026-08-01 03:12:44
2026-06-13,F-1008,Campaign #17 - old test,1713,11,15.9,1,2026-08-01 03:12:44
2026-06-14,F-1008,Campaign #17 - old test,1204,7,12.29,0,2026-08-01 03:12:44
2026-06-14,F-1008,Campaign #17 - old test,1204,7,12.29,0,2026-08-01 03:12:44
2026-06-15,F-1008,Campaign #17 - old test,1780,10,15.69,0,2026-08-01 03:12:44
2026-06-16,F-1008,Campaign #17 - old test,2253,12,22.67,0,2026-08-01 03:12:44
2026-06-17,F-1008,Campaign #17 - old test,2107,11,20.25,0,2026-08-01 03:12:44
2026-06-18,F-1008,Campaign #17 - old test,1757,8,16.14,0,2026-08-01 03:12:44
2026-06-19,F-1008,Campaign #17 - old test,2151,12,18.85,0,2026-08-01 03:12:44
2026-06-20,F-1008,Campaign #17 - old test,1826,10,15.85,0,2026-08-01 03:12:44
2026-06-21,F-1008,Campaign #17 - old test,1346,9,12.9,0,2026-08-01 03:12:44
2026-06-22,F-1008,Campaign #17 - old test,2175,14,20.69,0,2026-08-01 03:12:44
2026-06-23,F-1008,Campaign #17 - old test,2488,15,22.42,0,2026-08-01 03:12:44
2026-06-24,F-1008,Campaign #17 - old test,1640,11,16.99,0,2026-08-01 03:12:44
2026-06-25,F-1008,Campaign #17 - old test,1892,12,18.49,0,2026-08-01 03:12:44
2026-06-26,F-1008,Campaign #17 - old test,2126,13,20.38,0,2026-08-01 03:12:44
2026-06-27,F-1008,Campaign #17 - old test,1430,7,13.56,0,2026-08-01 03:12:44
2026-06-28,F-1008,Campaign #17 - old test,1090,7,10.85,0,2026-08-01 03:12:44
2026-06-29,F-1008,Campaign #17 - old test,1967,11,20.68,0,2026-08-01 03:12:44
2026-06-30,F-1008,Campaign #17 - old test,2494,16,21.56,0,2026-08-01 03:12:44
2026-07-01,F-1008,Campaign #17 - old test,2187,13,22.68,0,2026-08-01 03:12:44
2026-07-02,F-1008,Campaign #17 - old test,1754,10,17.62,0,2026-08-01 03:12:44
2026-07-03,F-1008,Campaign #17 - old test,1885,9,19.34,0,2026-08-01 03:12:44
2026-07-04,F-1008,Campaign #17 - old test,1570,9,16.34,0,2026-08-01 03:12:44
2026-07-05,F-1008,Campaign #17 - old test,1433,8,14.23,0,2026-08-01 03:12:44
2026-07-06,F-1008,Campaign #17 - old test,1884,12,16.4,0,2026-08-01 03:12:44
2026-07-07,F-1008,Campaign #17 - old test,2218,11,21.41,0,2026-08-01 03:12:44
2026-07-08,F-1008,Campaign #17 - old test,2289,12,20.04,0,2026-08-01 03:12:44
2026-07-09,F-1008,Campaign #17 - old test,2520,16,21.86,0,2026-08-01 03:12:44
2026-07-10,F-1008,Campaign #17 - old test,1910,10,16.96,0,2026-08-01 03:12:44
2026-07-11,F-1008,Campaign #17 - old test,1205,8,12.21,0,2026-08-01 03:12:44
2026-07-12,F-1008,Campaign #17 - old test,1561,10,14.83,0,2026-08-01 03:12:44
2026-07-13,F-1008,Campaign #17 - old test,2252,15,21.55,0,2026-08-01 03:12:44
2026-07-14,F-1008,Campaign #17 - old test,1896,9,18.18,0,2026-08-01 03:12:44
2026-07-15,F-1008,Campaign #17 - old test,2723,14,24.59,0,2026-08-01 03:12:44
