date,campaign_id,impressions,clicks,cost,conversions
2026-05-01,G-2001,6639,241,160.74,5
2026-05-02,G-2001,5502,216,131.24,4
2026-05-03,G-2001,7034,297,152.74,7
2026-05-04,G-2001,10729,458,222.28,8
2026-05-05,G-2001,9862,440,207.68,10
2026-05-06,G-2001,9257,416,192.14,11
2026-05-07,G-2001,8534,361,181.92,8
2026-05-08,G-2001,6480,254,140.3,7
2026-05-09,G-2001,6159,276,125.71,6
2026-05-10,G-2001,7875,316,167.72,5
2026-05-11,G-2001,8946,359,208.08,8
2026-05-12,G-2001,8548,357,196.43,7
2026-05-13,G-2001,8935,362,195.37,6
2026-05-14,G-2001,8287,346,199.32,5
2026-05-15,G-2001,7068,295,161.57,6
2026-05-16,G-2001,6816,283,149.17,4
2026-05-17,G-2001,7270,268,162.65,5
2026-05-18,G-2001,9160,362,196.46,9
2026-05-19,G-2001,7444,304,173.36,6
2026-05-20,G-2001,8508,319,188.29,7
2026-05-21,G-2001,9281,377,202.12,8
2026-05-22,G-2001,8385,384,175.46,7
2026-05-23,G-2001,5680,260,132.58,6
2026-05-24,G-2001,6084,278,132.5,9
2026-05-25,G-2001,7901,350,166.14,9
2026-05-26,G-2001,7897,303,168.62,9
2026-05-27,G-2001,8048,301,169.43,9
2026-05-28,G-2001,6986,260,160.45,6
2026-05-29,G-2001,7234,285,161.54,6
2026-05-30,G-2001,6832,301,155.27,6
2026-05-31,G-2001,7782,356,171.65,7
2026-06-01,G-2001,10206,473,220.92,10
2026-06-02,G-2001,10105,410,225.7,9
2026-06-03,G-2001,9155,334,199.63,8
2026-06-04,G-2001,6716,276,154.24,4
2026-06-05,G-2001,6301,291,134.25,4
2026-06-06,G-2001,5161,219,112.45,6
2026-06-07,G-2001,5816,235,127.51,6
2026-06-08,G-2001,7930,350,181.54,10
2026-06-09,G-2001,9377,406,215.04,11
2026-06-10,G-2001,8194,325,177.76,9
2026-06-11,G-2001,6953,284,160.32,6
2026-06-12,G-2001,6718,263,153.32,4
2026-06-13,G-2001,5950,238,128.89,8
2026-06-14,G-2001,7463,318,155.89,9
2026-06-15,G-2001,9859,401,207.89,8
2026-06-16,G-2001,9175,393,190.58,8
2026-06-17,G-2001,8657,359,175.87,10
2026-06-18,G-2001,7717,362,166.33,12
2026-06-19,G-2001,6017,256,138.47,7
2026-06-20,G-2001,5410,201,122.36,5
2026-06-21,G-2001,7113,275,157.07,10
2026-06-22,G-2001,8398,340,177.1,8
2026-06-23,G-2001,8398,384,190.1,7
2026-06-24,G-2001,8872,395,204.27,8
2026-06-25,G-2001,7335,316,174.37,4
2026-06-26,G-2001,6839,275,157.89,5
2026-06-27,G-2001,5355,193,122.28,3
2026-06-28,G-2001,5366,221,121.35,6
2026-06-29,G-2001,8093,368,175.23,9
2026-06-30,G-2001,9203,383,215.62,8
2026-07-01,G-2001,8301,329,197.6,8
2026-07-02,G-2001,7683,322,176.78,6
2026-07-03,G-2001,6633,281,151.86,6
2026-07-04,G-2001,6191,280,127.36,6
2026-07-05,G-2001,6607,259,139.79,8
2026-07-06,G-2001,7925,305,172.71,6
2026-07-07,G-2001,8876,369,187.49,9
2026-07-08,G-2001,7653,325,167.99,8
2026-07-09,G-2001,8157,338,170.69,8
2026-07-10,G-2001,6405,289,143.84,6
2026-07-11,G-2001,5309,213,125.93,4
2026-07-12,G-2001,6201,257,147.1,5
2026-07-13,G-2001,7583,330,178.68,6
2026-07-14,G-2001,9397,411,217.01,10
2026-07-15,G-2001,10046,415,214.88,12
2026-07-16,G-2001,8579,361,185.33,8
2026-07-17,G-2001,7304,279,164.87,4
2026-07-18,G-2001,5935,243,132.08,3
2026-07-19,G-2001,6550,289,139.22,3
2026-07-20,G-2001,8286,327,176.68,7
2026-07-21,G-2001,10252,444,217.06,9
2026-07-22,G-2001,9020,394,203.63,11
2026-07-23,G-2001,8029,310,175.9,10
2026-07-24,G-2001,7286,313,170.4,8
2026-07-25,G-2001,5540,239,131.41,4
2026-07-26,G-2001,6011,276,141.08,7
2026-07-27,G-2001,8054,351,182.34,9
2026-07-28,G-2001,8878,359,193.62,8
2026-07-29,G-2001,7788,350,162.88,10
2026-07-30,G-2001,7180,327,161.57,8
2026-07-31,G-2001,7044,294,156.88,6
2026-05-01,G-2002,6968,287,157.13,3
2026-05-02,G-2002,5199,194,120.53,6
2026-05-03,G-2002,5171,192,111.36,4
2026-05-04,G-2002,6375,244,134.79,3
2026-05-05,G-2002,6597,269,147.22,4
2026-05-06,G-2002,6686,256,149.85,2
2026-05-07,G-2002,6536,240,148.31,2
2026-05-08,G-2002,5608,204,124.24,3
2026-05-09,G-2002,4998,196,111.31,3
2026-05-10,G-2002,6514,271,135.62,6
2026-05-11,G-2002,7727,303,162.5,7
2026-05-12,G-2002,7704,273,164.62,3
2026-05-13,G-2002,6383,251,145.61,5
2026-05-14,G-2002,6552,259,151.18,3
2026-05-15,G-2002,5609,227,130.3,1
2026-05-16,G-2002,4559,193,101.47,3
2026-05-17,G-2002,5778,232,129.02,7
2026-05-18,G-2002,7218,264,160.92,6
2026-05-19,G-2002,8295,290,170.27,4
2026-05-20,G-2002,7383,296,159.04,6
2026-05-21,G-2002,6200,251,147.44,7
2026-05-22,G-2002,6708,246,156.46,9
2026-05-23,G-2002,5186,182,118.02,3
2026-05-24,G-2002,5655,206,128.11,2
2026-05-25,G-2002,8444,330,175.7,3
2026-05-26,G-2002,7747,316,159.11,6
2026-05-27,G-2002,6694,269,146.11,8
2026-05-28,G-2002,6318,255,141.38,3
2026-05-29,G-2002,6396,250,138.39,4
2026-05-30,G-2002,4976,170,107.31,5
2026-05-31,G-2002,5930,216,129.39,6
2026-06-01,G-2002,5926,214,140.22,3
2026-06-02,G-2002,6223,241,144.4,4
2026-06-03,G-2002,6436,269,145.23,7
2026-06-04,G-2002,6792,268,144.87,7
2026-06-05,G-2002,5595,220,130.14,7
2026-06-06,G-2002,5219,209,123.57,3
2026-06-07,G-2002,6276,244,144.75,1
2026-06-08,G-2002,7520,278,172.28,5
2026-06-09,G-2002,7684,324,169.35,8
2026-06-10,G-2002,9082,375,184.22,10
2026-06-11,G-2002,8096,318,163.6,5
2026-06-12,G-2002,6814,248,141.09,2
2026-06-13,G-2002,4503,181,103.83,1
2026-06-14,G-2002,5439,207,124.18,1
2026-06-15,G-2002,7404,280,165.5,3
2026-06-16,G-2002,7810,316,175.02,7
2026-06-17,G-2002,7777,277,176.96,8
2026-06-18,G-2002,6084,216,143.41,2
2026-06-19,G-2002,6195,247,139.73,5
2026-06-20,G-2002,4879,190,109.28,5
2026-06-21,G-2002,5380,196,118.58,3
2026-06-22,G-2002,7566,279,162.94,4
2026-06-23,G-2002,6682,260,152.46,6
2026-06-24,G-2002,7439,310,170.51,7
2026-06-25,G-2002,7132,294,169.88,6
2026-06-26,G-2002,6695,262,150.36,5
2026-06-27,G-2002,5598,194,120.14,5
2026-06-28,G-2002,5108,203,115.12,5
2026-06-29,G-2002,7145,297,152.22,6
2026-06-30,G-2002,7419,290,169.3,4
2026-07-01,G-2002,6571,239,152.52,4
2026-07-02,G-2002,6109,244,138.35,5
2026-07-03,G-2002,5906,233,130.94,4
2026-07-04,G-2002,5203,202,117.06,3
2026-07-05,G-2002,4955,199,111.37,3
2026-07-06,G-2002,6583,268,143.34,4
2026-07-07,G-2002,7541,304,164.39,4
2026-07-08,G-2002,7704,270,168.66,3
2026-07-09,G-2002,6410,230,139.55,6
2026-07-10,G-2002,6668,266,138.3,3
2026-07-11,G-2002,6309,256,128.29,5
2026-07-12,G-2002,6290,246,129.96,4
2026-07-13,G-2002,7051,250,154.66,2
2026-07-14,G-2002,7868,292,182.18,5
2026-07-15,G-2002,7388,304,162.17,6
2026-07-16,G-2002,6090,220,135.55,5
2026-07-17,G-2002,5881,222,135.78,6
2026-07-18,G-2002,5379,218,119.66,6
2026-07-19,G-2002,5521,196,121.37,5
2026-07-20,G-2002,7803,282,162.07,6
2026-07-21,G-2002,7639,273,164.59,6
2026-07-22,G-2002,7066,269,153.66,5
2026-07-23,G-2002,6583,275,148.42,7
2026-07-24,G-2002,5422,215,122.84,5
2026-07-25,G-2002,4496,163,105.35,2
2026-07-26,G-2002,5849,246,129.2,4
2026-07-27,G-2002,8357,343,171.3,6
2026-07-28,G-2002,7035,272,150.53,3
2026-07-29,G-2002,7064,288,160.56,4
2026-07-30,G-2002,7849,324,167.62,6
2026-07-31,G-2002,7437,310,171.76,9
2026-05-01,G-2003,9344,442,238.81,9
2026-05-02,G-2003,7299,327,179.34,12
2026-05-03,G-2003,8569,375,199.13,8
2026-05-04,G-2003,12262,564,278.76,13
2026-05-05,G-2003,11908,536,273.94,16
2026-05-06,G-2003,11048,503,255.94,16
2026-05-07,G-2003,10709,485,256.91,17
2026-05-08,G-2003,8282,394,204.31,16
2026-05-09,G-2003,6769,308,153.2,9
2026-05-10,G-2003,7509,401,180.03,13
2026-05-11,G-2003,10794,541,272.88,18
2026-05-12,G-2003,11159,523,274.8,16
2026-05-13,G-2003,10127,512,251.74,12
2026-05-14,G-2003,10787,494,259.78,12
2026-05-15,G-2003,8828,400,227.71,10
2026-05-16,G-2003,6448,308,167.3,10
2026-05-17,G-2003,7186,335,179.35,11
2026-05-18,G-2003,10348,509,241.73,14
2026-05-19,G-2003,12335,614,274.96,21
2026-05-20,G-2003,11289,531,250.36,20
2026-05-21,G-2003,10758,474,250.76,25
2026-05-22,G-2003,8651,423,209.92,15
2026-05-23,G-2003,6599,297,152.93,6
2026-05-24,G-2003,7899,377,184.54,6
2026-05-25,G-2003,9796,492,216.96,10
2026-05-26,G-2003,9951,472,219.21,13
2026-05-27,G-2003,10500,468,236.34,12
2026-05-28,G-2003,10302,468,245.43,11
2026-05-29,G-2003,8087,400,203.7,11
2026-05-30,G-2003,6988,351,158.59,11
2026-05-31,G-2003,7788,389,174.11,15
2026-06-01,G-2003,10208,465,242.23,12
2026-06-02,G-2003,10289,484,260.31,11
2026-06-03,G-2003,9686,468,230.24,15
2026-06-04,G-2003,10218,513,251.55,19
2026-06-05,G-2003,9824,450,223.1,8
2026-06-06,G-2003,7086,307,163.05,6
2026-06-07,G-2003,8389,401,199.48,10
2026-06-08,G-2003,10135,533,254.25,14
2026-06-09,G-2003,10150,514,237.57,11
2026-06-10,G-2003,12104,625,266.56,15
2026-06-11,G-2003,10614,544,236.89,13
2026-06-12,G-2003,9734,424,220.33,10
2026-06-13,G-2003,7828,329,186.34,8
2026-06-14,G-2003,7857,370,186.12,12
2026-06-15,G-2003,9685,517,219.73,16
2026-06-16,G-2003,9867,494,226.31,17
2026-06-17,G-2003,10132,485,240.49,16
2026-06-18,G-2003,10804,532,259.19,17
2026-06-19,G-2003,8388,380,219.5,7
2026-06-20,G-2003,6541,324,166.54,6
2026-06-21,G-2003,8725,434,201.55,12
2026-06-22,G-2003,12359,628,277.95,18
2026-06-23,G-2003,11828,555,277.87,16
2026-06-24,G-2003,10834,525,253.85,16
2026-06-25,G-2003,10904,490,254.71,14
2026-06-26,G-2003,7879,353,201.55,12
2026-06-27,G-2003,7308,343,177.08,10
2026-06-28,G-2003,8942,376,219.11,14
2026-06-29,G-2003,10722,488,250.71,13
2026-06-30,G-2003,10693,507,249.65,12
2026-07-01,G-2003,12302,510,284.45,9
2026-07-02,G-2003,10506,466,252.7,10
2026-07-03,G-2003,9825,471,225.76,15
2026-07-04,G-2003,6342,325,156.55,8
2026-07-05,G-2003,7969,404,191.22,16
2026-07-06,G-2003,10911,549,239.47,16
2026-07-07,G-2003,10847,564,257.8,11
2026-07-08,G-2003,11659,571,294.96,18
2026-07-09,G-2003,10895,458,259.45,16
2026-07-10,G-2003,8552,379,222.52,12
2026-07-11,G-2003,7315,349,183.93,15
2026-07-12,G-2003,8465,420,201.07,8
2026-07-13,G-2003,10636,526,248.39,10
2026-07-14,G-2003,12302,592,279.63,14
2026-07-15,G-2003,12018,564,283.99,14
2026-07-16,G-2003,11492,496,263.29,16
2026-07-17,G-2003,10328,498,239.8,13
2026-07-18,G-2003,8084,404,200.85,10
2026-07-19,G-2003,9617,431,229.1,12
2026-07-20,G-2003,12208,538,273.59,16
2026-07-21,G-2003,10982,479,268.28,11
2026-07-22,G-2003,10541,505,272.07,14
2026-07-23,G-2003,9359,476,234.8,15
2026-07-24,G-2003,9503,477,233.02,12
2026-07-25,G-2003,6766,347,167.38,12
2026-07-26,G-2003,7332,355,169.2,16
2026-07-27,G-2003,10391,500,244.03,18
2026-07-28,G-2003,11903,591,295.09,16
2026-07-29,G-2003,10027,438,250.83,10
2026-07-30,G-2003,9021,411,232.29,13
2026-07-31,G-2003,10814,459,265.52,15
2026-05-01,G-2004,4212,138,106.24,5
2026-05-02,G-2004,4075,138,90.95,6
2026-05-03,G-2004,4810,182,106.42,4
2026-05-04,G-2004,5890,210,136.42,4
2026-05-05,G-2004,5743,186,143.55,5
2026-05-06,G-2004,6019,213,151.34,7
2026-05-07,G-2004,6023,200,144.08,5
2026-05-08,G-2004,5339,175,124.27,3
2026-05-09,G-2004,4071,138,94.52,2
2026-05-10,G-2004,4619,178,106.22,4
2026-05-11,G-2004,4844,186,120.67,4
2026-05-12,G-2004,5607,203,142.15,3
2026-05-13,G-2004,5632,195,148.46,3
2026-05-14,G-2004,5351,203,131.14,2
2026-05-15,G-2004,5190,196,115.61,3
2026-05-16,G-2004,4248,158,101.12,4
2026-05-17,G-2004,4547,158,116.42,3
2026-05-18,G-2004,5682,199,144.47,3
2026-05-19,G-2004,5034,180,127.74,4
2026-05-20,G-2004,4814,157,119.55,2
2026-05-21,G-2004,5494,196,122.33,2
2026-05-22,G-2004,5077,184,114.45,3
2026-05-23,G-2004,3758,117,88.36,3
2026-05-24,G-2004,4760,152,109.65,4
2026-05-25,G-2004,5351,176,128.15,3
2026-05-26,G-2004,6167,208,140.01,6
2026-05-27,G-2004,6198,224,145.49,7
2026-05-28,G-2004,5128,158,131.82,1
2026-05-29,G-2004,4467,147,113.81,2
2026-05-30,G-2004,3224,115,79.94,2
2026-05-31,G-2004,4069,148,92.41,4
2026-06-01,G-2004,5349,176,126.63,4
2026-06-02,G-2004,5935,196,143.78,4
2026-06-03,G-2004,4981,166,123.4,5
2026-06-04,G-2004,4438,147,110.09,4
2026-06-05,G-2004,4481,170,100.67,4
2026-06-06,G-2004,4194,152,95.94,6
2026-06-07,G-2004,5170,169,117.93,7
2026-06-08,G-2004,6149,197,141.72,7
2026-06-09,G-2004,5647,186,135.97,5
2026-06-10,G-2004,5763,215,143.3,3
2026-06-11,G-2004,5224,186,133.72,2
2026-06-12,G-2004,4774,150,114.41,2
2026-06-13,G-2004,3959,119,89.07,3
2026-06-14,G-2004,3984,131,95.86,5
2026-06-15,G-2004,5829,205,138.62,6
2026-06-16,G-2004,6201,209,141.52,2
2026-06-17,G-2004,5552,193,126.4,3
2026-06-18,G-2004,5710,193,132.22,3
2026-06-19,G-2004,5080,167,119.89,1
2026-06-20,G-2004,4091,126,91.64,3
2026-06-21,G-2004,4604,144,104.07,3
2026-06-22,G-2004,5099,176,123.43,4
2026-06-23,G-2004,6015,218,146.07,4
2026-06-24,G-2004,6051,212,139.46,3
2026-06-25,G-2004,5707,197,126.26,2
2026-06-26,G-2004,5102,184,116.0,3
2026-06-27,G-2004,3482,127,86.5,3
2026-06-28,G-2004,4274,151,105.72,3
2026-06-29,G-2004,4873,176,116.52,2
2026-06-30,G-2004,5236,176,120.09,3
2026-07-01,G-2004,5515,191,129.75,5
2026-07-02,G-2004,6089,216,138.79,6
2026-07-03,G-2004,4798,153,116.29,4
2026-07-04,G-2004,3894,127,92.83,4
2026-07-05,G-2004,4119,154,102.27,4
2026-07-06,G-2004,5428,195,137.0,2
2026-07-07,G-2004,6041,205,144.0,3
2026-07-08,G-2004,5648,187,140.84,2
2026-07-09,G-2004,5275,179,132.06,3
2026-07-10,G-2004,3409,126,90.16,2
2026-07-11,G-2004,2943,101,75.46,2
2026-07-12,G-2004,3927,118,95.75,2
2026-07-13,G-2004,5199,166,127.77,1
2026-07-14,G-2004,4787,171,123.16,3
2026-07-15,G-2004,5205,185,128.13,4
2026-07-16,G-2004,5052,175,114.35,5
2026-07-17,G-2004,4185,145,94.92,4
2026-07-18,G-2004,3766,133,89.09,2
2026-07-19,G-2004,3861,124,100.97,3
2026-07-20,G-2004,4802,156,124.38,2
2026-07-21,G-2004,5969,194,149.24,1
2026-07-22,G-2004,5627,196,134.93,2
2026-07-23,G-2004,5069,190,116.24,3
2026-07-24,G-2004,4840,187,111.13,3
2026-07-25,G-2004,4275,156,100.86,2
2026-07-26,G-2004,4306,143,112.76,3
2026-07-27,G-2004,5641,183,142.7,4
2026-07-28,G-2004,6137,192,145.54,3
2026-07-29,G-2004,6206,200,142.39,7
2026-07-30,G-2004,6273,205,142.23,11
2026-07-31,G-2004,5818,209,130.69,3
2026-05-01,G-2005,1943,6,50.06,0
2026-05-02,G-2005,1531,5,37.09,0
2026-05-03,G-2005,2145,8,48.66,0
2026-05-04,G-2005,2863,12,65.66,0
2026-05-05,G-2005,2524,10,62.79,1
2026-05-06,G-2005,2365,9,57.85,0
2026-05-07,G-2005,2685,10,62.03,0
2026-05-08,G-2005,2219,8,51.94,0
2026-05-09,G-2005,1424,5,35.97,1
2026-05-10,G-2005,1927,6,47.46,0
2026-05-11,G-2005,2781,10,65.73,0
2026-05-12,G-2005,2624,9,64.4,0
2026-05-13,G-2005,2076,7,52.69,0
2026-05-14,G-2005,1907,7,49.33,0
2026-05-15,G-2005,1973,7,49.81,0
2026-05-16,G-2005,1875,7,45.43,0
2026-05-17,G-2005,2102,8,50.62,0
2026-05-18,G-2005,2748,10,62.22,0
2026-05-19,G-2005,2816,10,66.05,0
2026-05-20,G-2005,2685,11,63.31,0
2026-05-21,G-2005,2387,10,56.57,0
2026-05-22,G-2005,2115,9,50.87,0
2026-05-23,G-2005,1411,5,35.85,0
2026-05-24,G-2005,1858,6,44.93,0
2026-05-25,G-2005,2717,10,62.2,0
2026-05-26,G-2005,2554,11,61.79,0
2026-05-27,G-2005,2759,11,66.6,1
2026-05-28,G-2005,2663,11,64.72,0
2026-05-29,G-2005,2108,7,53.0,0
2026-05-30,G-2005,1760,6,41.33,0
2026-05-31,G-2005,2067,7,53.24,0
2026-06-01,G-2005,2549,9,63.22,0
2026-06-02,G-2005,2315,8,54.28,0
2026-06-03,G-2005,2696,10,63.02,0
2026-06-04,G-2005,2861,10,64.64,0
2026-06-05,G-2005,2050,7,49.16,0
2026-06-06,G-2005,1423,5,35.58,0
2026-06-07,G-2005,1717,6,42.0,0
2026-06-08,G-2005,2249,8,55.4,0
2026-06-09,G-2005,2382,8,58.26,0
2026-06-10,G-2005,2750,9,65.05,0
2026-06-11,G-2005,2466,7,59.99,0
2026-06-12,G-2005,1710,5,44.16,0
2026-06-13,G-2005,1635,6,39.76,0
2026-06-14,G-2005,2230,9,53.67,0
2026-06-15,G-2005,2890,11,69.69,0
2026-06-16,G-2005,2993,12,71.29,0
2026-06-17,G-2005,2625,10,60.63,0
2026-06-18,G-2005,2165,8,51.98,1
2026-06-19,G-2005,2035,7,47.49,0
2026-06-20,G-2005,1591,6,37.55,0
2026-06-21,G-2005,1781,6,42.91,0
2026-06-22,G-2005,2367,9,59.37,0
2026-06-23,G-2005,2791,10,72.21,0
2026-06-24,G-2005,2831,9,70.94,0
2026-06-25,G-2005,2322,9,57.91,0
2026-06-26,G-2005,2229,9,55.09,0
2026-06-27,G-2005,1851,7,46.05,0
2026-06-28,G-2005,2277,9,55.65,0
2026-06-29,G-2005,2788,11,71.07,0
2026-06-30,G-2005,2741,10,69.98,0
2026-07-01,G-2005,2714,10,67.97,1
2026-07-02,G-2005,2401,9,58.73,0
2026-07-03,G-2005,2289,8,56.26,0
2026-07-04,G-2005,1950,7,48.06,0
2026-07-05,G-2005,2390,8,57.18,0
2026-07-06,G-2005,2708,11,65.36,1
2026-07-07,G-2005,2574,10,60.05,0
2026-07-08,G-2005,2658,9,63.55,0
2026-07-09,G-2005,2603,8,65.1,0
2026-07-10,G-2005,2158,7,57.04,0
2026-07-11,G-2005,1730,6,45.41,0
2026-07-12,G-2005,2101,7,54.53,0
2026-07-13,G-2005,2545,9,63.05,0
2026-07-14,G-2005,2946,10,68.07,0
2026-07-15,G-2005,3258,12,73.17,0
2026-07-16,G-2005,2659,10,60.66,0
2026-07-17,G-2005,2230,8,52.96,0
2026-07-18,G-2005,2028,7,48.63,0
2026-07-19,G-2005,1871,7,46.83,0
2026-07-20,G-2005,2581,9,62.05,0
2026-07-21,G-2005,2716,10,64.9,0
2026-07-22,G-2005,2710,10,63.71,1
2026-07-23,G-2005,2633,11,65.0,1
2026-07-24,G-2005,2535,10,56.9,0
2026-07-25,G-2005,2344,9,52.28,0
2026-07-26,G-2005,2329,9,52.99,0
2026-07-27,G-2005,2324,10,56.32,0
2026-07-28,G-2005,2500,10,63.07,0
2026-07-29,G-2005,2622,10,64.78,0
2026-07-30,G-2005,2573,9,57.99,0
2026-07-31,G-2005,2613,9,61.4,0
2026-05-01,G-2006,7208,364,182.84,7
2026-05-02,G-2006,6637,306,158.1,7
2026-05-03,G-2006,7364,287,164.92,6
2026-05-04,G-2006,9037,386,207.78,9
2026-05-05,G-2006,8702,431,220.42,9
2026-05-06,G-2006,8449,415,216.54,8
2026-05-07,G-2006,7302,320,180.72,10
2026-05-08,G-2006,6835,301,175.71,11
2026-05-09,G-2006,5693,283,150.88,10
2026-05-10,G-2006,5710,292,144.66,7
2026-05-11,G-2006,7950,408,185.39,9
2026-05-12,G-2006,8839,437,203.71,10
2026-05-13,G-2006,8954,407,223.15,15
2026-05-14,G-2006,7535,331,183.4,9
2026-05-15,G-2006,6461,307,156.39,8
2026-05-16,G-2006,5598,251,143.76,10
2026-05-17,G-2006,6509,306,160.61,7
2026-05-18,G-2006,9170,456,212.53,11
2026-05-19,G-2006,8998,425,211.29,13
2026-05-20,G-2006,8401,389,204.93,16
2026-05-21,G-2006,9379,423,210.82,15
2026-05-22,G-2006,7565,303,166.69,10
2026-05-23,G-2006,5473,253,123.76,7
2026-05-24,G-2006,5763,284,137.15,5
2026-05-25,G-2006,6950,332,173.91,8
2026-05-26,G-2006,9025,416,212.29,10
2026-05-27,G-2006,10125,482,229.2,16
2026-05-28,G-2006,7983,402,193.53,11
2026-05-29,G-2006,6184,305,151.05,9
2026-05-30,G-2006,5782,280,133.81,7
2026-05-31,G-2006,6080,283,150.36,7
2026-06-01,G-2006,7732,346,186.44,3
2026-06-02,G-2006,9970,427,227.56,8
2026-06-03,G-2006,9935,475,227.98,11
2026-06-04,G-2006,8511,392,203.54,7
2026-06-05,G-2006,7369,376,181.27,7
2026-06-06,G-2006,5803,293,140.61,10
2026-06-07,G-2006,6469,283,146.75,9
2026-06-08,G-2006,8731,364,203.23,4
2026-06-09,G-2006,7405,359,188.93,7
2026-06-10,G-2006,8012,354,192.67,11
2026-06-11,G-2006,8200,335,190.2,9
2026-06-12,G-2006,6099,291,148.25,7
2026-06-13,G-2006,5254,264,129.26,5
2026-06-14,G-2006,6364,303,150.35,5
2026-06-15,G-2006,9226,419,214.39,7
2026-06-16,G-2006,8739,392,212.71,5
2026-06-17,G-2006,6951,335,172.16,4
2026-06-18,G-2006,6958,352,169.33,5
2026-06-19,G-2006,7322,350,168.08,8
2026-06-20,G-2006,5833,266,132.77,7
2026-06-21,G-2006,6078,270,142.67,7
2026-06-22,G-2006,7710,335,177.02,8
2026-06-23,G-2006,8830,435,221.65,12
2026-06-24,G-2006,8995,413,220.85,13
2026-06-25,G-2006,8612,380,189.04,11
2026-06-26,G-2006,6254,270,142.61,8
2026-06-27,G-2006,4630,214,111.33,5
2026-06-28,G-2006,6001,259,138.99,6
2026-06-29,G-2006,9463,423,212.23,13
2026-06-30,G-2006,9540,434,214.27,14
2026-07-01,G-2006,7774,333,188.95,9
2026-07-02,G-2006,7044,301,173.89,10
2026-07-03,G-2006,6603,258,153.47,7
2026-07-04,G-2006,4752,202,108.1,4
2026-07-05,G-2006,5479,269,129.04,6
2026-07-06,G-2006,7757,365,180.96,8
2026-07-07,G-2006,7563,332,179.38,8
2026-07-08,G-2006,6393,296,161.66,9
2026-07-09,G-2006,6932,287,173.23,6
2026-07-10,G-2006,7556,324,181.09,8
2026-07-11,G-2006,5621,226,130.13,5
2026-07-12,G-2006,5484,240,138.29,4
2026-07-13,G-2006,8363,391,210.76,9
2026-07-14,G-2006,8525,394,212.09,8
2026-07-15,G-2006,7219,309,186.16,6
2026-07-16,G-2006,6750,314,163.48,8
2026-07-17,G-2006,6629,295,151.53,8
2026-07-18,G-2006,5845,248,138.25,8
2026-07-19,G-2006,6204,270,148.05,8
2026-07-20,G-2006,7799,315,203.21,9
2026-07-21,G-2006,7608,317,194.26,12
2026-07-22,G-2006,7549,337,173.93,8
2026-07-23,G-2006,8752,420,198.25,6
2026-07-24,G-2006,7810,339,176.63,7
2026-07-25,G-2006,5705,257,129.54,6
2026-07-26,G-2006,5381,256,130.55,8
2026-07-27,G-2006,6720,317,164.31,11
2026-07-28,G-2006,7223,319,171.38,5
2026-07-29,G-2006,7633,327,194.24,6
2026-07-30,G-2006,7773,374,191.78,8
2026-07-31,G-2006,7192,366,187.76,7
2026-05-01,G-2007,11536,234,257.92,1
2026-05-02,G-2007,8467,182,199.1,3
2026-05-03,G-2007,9129,173,219.16,2
2026-05-04,G-2007,11988,228,282.41,3
2026-05-05,G-2007,10660,204,262.31,2
2026-05-06,G-2007,13663,296,302.01,3
2026-05-07,G-2007,12224,256,271.6,3
2026-05-08,G-2007,8368,156,193.47,3
2026-05-09,G-2007,6513,136,166.49,1
2026-05-10,G-2007,9243,189,223.72,2
2026-05-11,G-2007,12344,236,278.39,3
2026-05-12,G-2007,9643,175,236.18,3
2026-05-13,G-2007,9083,170,233.13,0
2026-05-14,G-2007,9810,192,235.05,1
2026-05-15,G-2007,9975,189,223.94,2
2026-05-16,G-2007,6992,141,165.0,2
2026-05-17,G-2007,7727,146,201.96,1
2026-05-18,G-2007,10600,203,269.6,2
2026-05-19,G-2007,13132,242,321.07,4
2026-05-20,G-2007,12229,232,298.78,4
2026-05-21,G-2007,9803,197,228.47,2
2026-05-22,G-2007,8498,170,195.11,2
2026-05-23,G-2007,7037,134,165.93,0
2026-05-24,G-2007,8428,147,198.53,2
2026-05-25,G-2007,11161,191,265.8,4
2026-05-26,G-2007,11667,219,275.99,3
2026-05-27,G-2007,12053,241,303.77,3
2026-05-28,G-2007,9866,185,259.36,2
2026-05-29,G-2007,9659,197,240.52,6
2026-05-30,G-2007,8075,163,183.55,3
2026-05-31,G-2007,7867,171,192.57,0
2026-06-01,G-2007,10664,217,250.11,1
2026-06-02,G-2007,10916,199,249.76,1
2026-06-03,G-2007,10659,188,259.26,2
2026-06-04,G-2007,9403,181,230.13,3
2026-06-05,G-2007,8496,175,202.36,3
2026-06-06,G-2007,6965,125,171.65,2
2026-06-07,G-2007,8185,149,185.95,2
2026-06-08,G-2007,11298,212,264.26,2
2026-06-09,G-2007,11986,235,281.3,4
2026-06-10,G-2007,11629,217,274.93,3
2026-06-11,G-2007,11279,213,257.44,4
2026-06-12,G-2007,8775,185,215.98,4
2026-06-13,G-2007,6510,122,164.8,3
2026-06-14,G-2007,8489,177,199.29,4
2026-06-15,G-2007,13249,274,292.17,5
2026-06-16,G-2007,12668,285,279.45,6
2026-06-17,G-2007,10145,222,236.89,7
2026-06-18,G-2007,9908,218,243.86,5
2026-06-19,G-2007,10599,225,245.28,3
2026-06-20,G-2007,7119,131,176.37,2
2026-06-21,G-2007,7647,168,171.8,3
2026-06-22,G-2007,9274,195,220.71,3
2026-06-23,G-2007,9213,167,230.39,3
2026-06-24,G-2007,10337,193,238.68,5
2026-06-25,G-2007,10285,200,240.45,2
2026-06-26,G-2007,8160,163,197.42,2
2026-06-27,G-2007,6894,131,166.53,1
2026-06-28,G-2007,8135,157,201.81,1
2026-06-29,G-2007,10962,218,263.02,3
2026-06-30,G-2007,11316,248,283.94,4
2026-07-01,G-2007,9919,195,246.03,3
2026-07-02,G-2007,10278,192,234.27,3
2026-07-03,G-2007,8014,159,196.28,3
2026-07-04,G-2007,8308,475,171.06,3
2026-07-05,G-2007,13867,1429,208.5,0
2026-07-06,G-2007,18740,1906,282.07,0
2026-07-07,G-2007,19490,1808,296.82,0
2026-07-08,G-2007,22020,2083,316.82,0
2026-07-09,G-2007,16595,1239,292.5,2
2026-07-10,G-2007,9903,183,233.05,4
2026-07-11,G-2007,6631,115,159.74,1
2026-07-12,G-2007,8790,166,196.33,1
2026-07-13,G-2007,12063,238,273.35,5
2026-07-14,G-2007,12040,243,286.04,4
2026-07-15,G-2007,11408,235,279.45,2
2026-07-16,G-2007,10740,205,269.08,3
2026-07-17,G-2007,10016,193,254.1,2
2026-07-18,G-2007,8072,155,130.21,2
2026-07-19,G-2007,9413,187,0.0,2
2026-07-20,G-2007,11064,226,88.22,2
2026-07-21,G-2007,11352,235,258.98,5
2026-07-22,G-2007,11713,217,268.11,4
2026-07-23,G-2007,10968,225,260.72,4
2026-07-24,G-2007,10146,227,233.09,5
2026-07-25,G-2007,8652,191,190.56,2
2026-07-26,G-2007,9719,214,226.03,4
2026-07-27,G-2007,10172,212,254.27,1
2026-07-28,G-2007,11154,221,261.29,3
2026-07-29,G-2007,13399,279,301.72,5
2026-07-30,G-2007,10556,204,248.54,3
2026-07-31,G-2007,8393,189,213.19,2
2026-05-01,G-2101,1194,21,30.34,0
2026-05-02,G-2101,1057,18,27.74,1
2026-05-03,G-2101,1146,21,29.31,1
2026-05-04,G-2101,1570,26,38.45,0
2026-05-05,G-2101,1949,30,44.62,1
2026-05-06,G-2101,1774,27,38.95,0
2026-05-07,G-2101,1609,26,36.03,0
2026-05-08,G-2101,1363,25,31.6,0
2026-05-09,G-2101,1122,21,27.11,0
2026-05-10,G-2101,1256,22,31.15,0
2026-05-11,G-2101,1673,28,40.33,0
2026-05-12,G-2101,1950,33,46.98,0
2026-05-13,G-2101,1801,28,46.25,0
2026-05-14,G-2101,1766,29,43.26,0
2026-05-15,G-2101,1369,23,33.64,0
2026-05-16,G-2101,1160,22,26.71,0
2026-05-17,G-2101,1359,27,31.21,0
2026-05-18,G-2101,1859,35,42.97,0
2026-05-19,G-2101,1792,30,43.33,0
2026-05-20,G-2101,1517,25,37.1,0
2026-05-21,G-2101,1569,26,35.87,0
2026-05-22,G-2101,1525,26,33.7,0
2026-05-23,G-2101,1090,20,24.73,1
2026-05-24,G-2101,1225,22,28.0,0
2026-05-25,G-2101,1612,31,38.61,1
2026-05-26,G-2101,1490,26,37.25,1
2026-05-27,G-2101,1420,22,35.12,0
2026-05-28,G-2101,1405,23,35.54,0
2026-05-29,G-2101,1496,23,35.02,0
2026-05-30,G-2101,1214,21,28.83,0
2026-05-31,G-2101,1150,23,26.97,1
2026-06-01,G-2101,1576,31,35.34,0
2026-06-02,G-2101,1785,33,42.44,0
2026-06-03,G-2101,1670,32,41.28,0
2026-06-04,G-2101,1634,31,39.01,0
2026-06-05,G-2101,1443,25,36.41,1
2026-06-06,G-2101,1152,20,28.79,0
2026-06-07,G-2101,1239,22,29.13,0
2026-06-08,G-2101,1612,25,38.94,0
2026-06-09,G-2101,1757,29,41.61,0
2026-06-10,G-2101,1882,34,42.23,0
2026-06-11,G-2101,1482,25,34.96,0
2026-06-12,G-2101,1329,23,31.33,0
2026-06-13,G-2101,1206,20,28.93,0
2026-06-14,G-2101,1333,21,32.76,0
2026-06-15,G-2101,1556,26,38.1,0
2026-06-16,G-2101,1372,24,33.11,0
2026-06-17,G-2101,1530,26,34.78,0
2026-06-18,G-2101,1683,29,38.12,0
2026-06-19,G-2101,1415,22,34.01,0
2026-06-20,G-2101,1041,16,25.4,1
2026-06-21,G-2101,1415,23,31.9,0
2026-06-22,G-2101,1820,31,42.15,1
2026-06-23,G-2101,1771,29,39.96,0
2026-06-24,G-2101,1629,28,37.99,1
2026-06-25,G-2101,1521,30,37.69,1
2026-06-26,G-2101,1466,28,34.31,0
2026-06-27,G-2101,1016,16,26.07,1
2026-06-28,G-2101,1093,17,27.18,0
2026-06-29,G-2101,1443,25,35.73,0
2026-06-30,G-2101,1650,30,42.21,1
2026-07-01,G-2101,1607,28,39.75,0
2026-07-02,G-2101,1681,32,39.47,1
2026-07-03,G-2101,1430,24,34.44,1
2026-07-04,G-2101,1153,22,27.97,0
2026-07-05,G-2101,1272,24,29.27,1
2026-07-06,G-2101,1598,27,38.37,0
2026-07-07,G-2101,1627,26,41.38,0
2026-07-08,G-2101,1437,24,36.16,0
2026-07-09,G-2101,1364,22,32.64,0
2026-07-10,G-2101,1420,23,32.31,0
2026-07-11,G-2101,1064,20,26.66,0
2026-07-12,G-2101,1000,19,25.94,0
2026-07-13,G-2101,1267,24,31.94,0
2026-07-14,G-2101,1584,27,38.32,0
2026-07-15,G-2101,1792,30,41.07,0
2026-07-16,G-2101,1605,32,37.4,1
2026-07-17,G-2101,1295,25,31.53,0
2026-07-18,G-2101,1100,20,25.56,0
2026-07-19,G-2101,987,15,25.34,0
2026-07-20,G-2101,1333,21,32.95,1
2026-07-21,G-2101,1535,25,35.33,0
2026-07-22,G-2101,1647,26,37.95,0
2026-07-23,G-2101,1597,26,38.67,0
2026-07-24,G-2101,1235,22,31.24,0
2026-07-25,G-2101,984,16,23.15,0
2026-07-26,G-2101,1209,20,27.81,1
2026-07-27,G-2101,1470,26,36.03,1
2026-07-28,G-2101,1440,26,37.14,0
2026-07-29,G-2101,1561,26,38.78,0
2026-07-30,G-2101,1551,26,37.53,0
2026-07-31,G-2101,1512,28,35.88,0
2026-05-01,G-2102,1391,23,30.44,0
2026-05-02,G-2102,1049,18,23.77,0
2026-05-03,G-2102,1247,21,27.8,1
2026-05-04,G-2102,1436,25,32.5,0
2026-05-05,G-2102,1500,27,35.65,0
2026-05-06,G-2102,1628,28,37.91,1
2026-05-07,G-2102,1652,24,36.78,0
2026-05-08,G-2102,1346,20,29.37,0
2026-05-09,G-2102,952,15,21.23,1
2026-05-10,G-2102,1086,18,23.64,0
2026-05-11,G-2102,1473,24,30.15,0
2026-05-12,G-2102,1580,26,33.29,0
2026-05-13,G-2102,1574,27,34.0,0
2026-05-14,G-2102,1477,26,32.49,0
2026-05-15,G-2102,1468,25,32.08,1
2026-05-16,G-2102,1220,20,24.6,0
2026-05-17,G-2102,1277,23,26.59,0
2026-05-18,G-2102,1696,29,37.7,0
2026-05-19,G-2102,1540,24,36.09,0
2026-05-20,G-2102,1629,26,36.62,1
2026-05-21,G-2102,1474,23,34.39,0
2026-05-22,G-2102,1167,17,27.36,0
2026-05-23,G-2102,986,14,23.73,0
2026-05-24,G-2102,1217,20,29.03,0
2026-05-25,G-2102,1609,26,36.83,1
2026-05-26,G-2102,1591,23,36.12,0
2026-05-27,G-2102,1558,24,36.45,1
2026-05-28,G-2102,1483,25,33.59,1
2026-05-29,G-2102,1371,23,31.29,0
2026-05-30,G-2102,1218,21,26.76,0
2026-05-31,G-2102,1211,20,26.98,0
2026-06-01,G-2102,1358,22,30.55,0
2026-06-02,G-2102,1708,28,36.7,0
2026-06-03,G-2102,1941,35,42.13,0
2026-06-04,G-2102,1736,29,37.23,0
2026-06-05,G-2102,1261,19,26.37,0
2026-06-06,G-2102,986,18,22.01,0
2026-06-07,G-2102,1225,22,25.65,0
2026-06-08,G-2102,1599,28,32.94,1
2026-06-09,G-2102,1568,27,34.23,0
2026-06-10,G-2102,1578,24,37.39,0
2026-06-11,G-2102,1583,25,34.78,0
2026-06-12,G-2102,1487,26,32.51,0
2026-06-13,G-2102,1152,20,27.02,0
2026-06-14,G-2102,1397,23,30.85,0
2026-06-15,G-2102,1815,29,39.87,1
2026-06-16,G-2102,1778,27,40.78,1
2026-06-17,G-2102,1677,29,34.66,0
2026-06-18,G-2102,1556,26,32.48,0
2026-06-19,G-2102,1418,23,29.79,1
2026-06-20,G-2102,1024,17,23.29,0
2026-06-21,G-2102,1100,16,25.69,0
2026-06-22,G-2102,1518,24,33.91,0
2026-06-23,G-2102,1751,32,37.42,0
2026-06-24,G-2102,1614,26,35.54,0
2026-06-25,G-2102,1566,25,33.75,1
2026-06-26,G-2102,1564,28,35.63,0
2026-06-27,G-2102,1256,21,28.17,0
2026-06-28,G-2102,1299,21,29.77,0
2026-06-29,G-2102,1869,29,40.6,0
2026-06-30,G-2102,2024,32,45.31,0
2026-07-01,G-2102,1925,30,44.39,1
2026-07-02,G-2102,1821,29,40.85,2
2026-07-03,G-2102,1500,23,35.6,0
2026-07-04,G-2102,1034,18,24.76,0
2026-07-05,G-2102,1137,20,25.54,0
2026-07-06,G-2102,1641,28,33.72,0
2026-07-07,G-2102,1642,28,35.06,1
2026-07-08,G-2102,1708,31,37.74,0
2026-07-09,G-2102,2016,35,42.33,0
2026-07-10,G-2102,1609,27,33.57,0
2026-07-11,G-2102,1200,19,25.92,1
2026-07-12,G-2102,1496,27,31.88,1
2026-07-13,G-2102,1593,28,37.32,0
2026-07-14,G-2102,1766,31,40.74,1
2026-07-15,G-2102,1927,32,44.11,1
2026-07-16,G-2102,1889,30,41.96,0
2026-07-17,G-2102,1642,27,33.8,0
2026-07-18,G-2102,1129,18,24.15,0
2026-07-19,G-2102,1437,24,29.16,0
2026-07-20,G-2102,1949,32,41.8,0
2026-07-21,G-2102,1808,28,41.91,1
2026-07-22,G-2102,1823,30,40.63,1
2026-07-23,G-2102,1739,26,38.63,0
2026-07-24,G-2102,1531,26,33.17,0
2026-07-25,G-2102,1241,21,28.4,0
2026-07-26,G-2102,1230,17,28.83,0
2026-07-27,G-2102,1838,28,41.8,0
2026-07-28,G-2102,2084,32,43.97,1
2026-07-29,G-2102,1822,29,41.69,0
2026-07-30,G-2102,1651,29,38.32,0
2026-07-31,G-2102,1839,31,42.72,0
2026-05-01,G-2103,966,17,22.91,0
2026-05-02,G-2103,765,11,17.98,0
2026-05-03,G-2103,824,14,20.29,0
2026-05-04,G-2103,1174,22,28.52,0
2026-05-05,G-2103,1234,22,32.01,0
2026-05-06,G-2103,1254,23,30.88,0
2026-05-07,G-2103,1309,23,30.42,0
2026-05-08,G-2103,1198,20,29.26,0
2026-05-09,G-2103,806,15,20.33,0
2026-05-10,G-2103,940,17,20.96,0
2026-05-11,G-2103,1346,24,30.59,0
2026-05-12,G-2103,1426,26,33.57,1
2026-05-13,G-2103,1217,23,27.5,1
2026-05-14,G-2103,1117,18,25.14,0
2026-05-15,G-2103,1000,17,23.16,0
2026-05-16,G-2103,846,16,21.12,0
2026-05-17,G-2103,858,17,21.51,0
2026-05-18,G-2103,1037,20,26.71,0
2026-05-19,G-2103,1322,25,31.11,0
2026-05-20,G-2103,1453,28,31.96,0
2026-05-21,G-2103,1158,20,25.98,0
2026-05-22,G-2103,978,19,23.55,0
2026-05-23,G-2103,782,15,20.05,0
2026-05-24,G-2103,970,16,23.37,0
2026-05-25,G-2103,1464,24,33.71,1
2026-05-26,G-2103,1328,24,32.1,2
2026-05-27,G-2103,1289,24,30.05,2
2026-05-28,G-2103,1108,19,27.02,1
2026-05-29,G-2103,1189,21,26.81,1
2026-05-30,G-2103,997,16,22.93,0
2026-05-31,G-2103,827,14,21.1,0
2026-06-01,G-2103,1164,20,28.67,0
2026-06-02,G-2103,1381,27,32.69,0
2026-06-03,G-2103,1252,25,29.47,0
2026-06-04,G-2103,1319,26,32.25,0
2026-06-05,G-2103,1097,21,27.41,0
2026-06-06,G-2103,952,18,21.2,0
2026-06-07,G-2103,886,15,20.14,1
2026-06-08,G-2103,1106,21,26.33,0
2026-06-09,G-2103,1282,25,30.49,0
2026-06-10,G-2103,1439,26,32.56,0
2026-06-11,G-2103,1213,22,29.26,0
2026-06-12,G-2103,1137,20,27.58,0
2026-06-13,G-2103,1033,17,23.51,0
2026-06-14,G-2103,1060,18,25.69,0
2026-06-15,G-2103,1333,25,32.33,0
2026-06-16,G-2103,1125,20,28.09,0
2026-06-17,G-2103,1301,24,30.91,1
2026-06-18,G-2103,1207,24,28.15,0
2026-06-19,G-2103,1006,19,23.89,0
2026-06-20,G-2103,1015,20,23.45,0
2026-06-21,G-2103,980,20,23.91,0
2026-06-22,G-2103,1205,23,28.46,0
2026-06-23,G-2103,1323,23,30.4,0
2026-06-24,G-2103,1202,23,28.83,1
2026-06-25,G-2103,1245,21,28.03,0
2026-06-26,G-2103,1129,19,26.29,0
2026-06-27,G-2103,840,15,21.57,0
2026-06-28,G-2103,919,17,22.59,0
2026-06-29,G-2103,1235,26,29.47,0
2026-06-30,G-2103,1399,29,33.74,0
2026-07-01,G-2103,1326,25,31.26,0
2026-07-02,G-2103,1435,24,34.13,1
2026-07-03,G-2103,1218,23,29.19,0
2026-07-04,G-2103,911,19,21.9,0
2026-07-05,G-2103,896,16,22.49,0
2026-07-06,G-2103,1267,21,30.21,1
2026-07-07,G-2103,1407,24,32.28,0
2026-07-08,G-2103,1540,29,35.58,1
2026-07-09,G-2103,1371,26,33.74,1
2026-07-10,G-2103,1060,21,25.68,0
2026-07-11,G-2103,761,15,19.74,0
2026-07-12,G-2103,903,15,22.65,0
2026-07-13,G-2103,1272,21,31.72,0
2026-07-14,G-2103,1534,27,37.39,1
2026-07-15,G-2103,1485,26,33.88,2
2026-07-16,G-2103,1151,21,28.56,1
2026-07-17,G-2103,1155,19,29.32,0
2026-07-18,G-2103,991,17,22.77,0
2026-07-19,G-2103,1116,21,24.61,0
2026-07-20,G-2103,1227,24,27.65,0
2026-07-21,G-2103,1339,28,31.72,0
2026-07-22,G-2103,1377,28,35.23,0
2026-07-23,G-2103,1328,26,33.09,0
2026-07-24,G-2103,1108,21,25.95,1
2026-07-25,G-2103,907,15,23.64,2
2026-07-26,G-2103,985,17,23.88,1
2026-07-27,G-2103,1194,22,27.48,0
2026-07-28,G-2103,1390,28,31.59,0
2026-07-29,G-2103,1562,31,35.28,0
2026-07-30,G-2103,1304,25,29.89,0
2026-07-31,G-2103,1232,22,27.73,0
